annotation_id,text,aspect_1,aspect_1_sentiment,aspect_2,aspect_2_sentiment
absa_00001,"The HealthPlus has performance that is positive, while the security experience is neutral.",performance,positive,security,neutral
absa_00002,"The LearnHub has availability that is neutral, while the performance experience is positive.",availability,neutral,performance,positive
absa_00003,"The PayWave Mobile App has usability that is positive, while the security experience is neutral.",usability,positive,security,neutral
absa_00004,"The QuickCash Wallet has product_quality that is neutral, while the security experience is negative.",product_quality,neutral,security,negative
absa_00005,"The StreamBox has usability that is positive, while the product_quality experience is positive.",usability,positive,product_quality,positive
absa_00006,"The FreshMart has performance that is positive, while the product_quality experience is negative.",performance,positive,product_quality,negative
absa_00007,"The QuickCash Wallet has security that is negative, while the pricing experience is negative.",security,negative,pricing,negative
absa_00008,"The HealthPlus has delivery that is positive, while the pricing experience is positive.",delivery,positive,pricing,positive
absa_00009,"The RideGo has usability that is negative, while the refund experience is neutral.",usability,negative,refund,neutral
absa_00010,"The SwiftBank Mobile has pricing that is neutral, while the payment experience is positive.",pricing,neutral,payment,positive
absa_00011,"The FreshMart has refund that is negative, while the payment experience is positive.",refund,negative,payment,positive
absa_00012,"The LearnHub has performance that is negative, while the availability experience is positive.",performance,negative,availability,positive
absa_00013,"The SwiftBank Mobile has pricing that is positive, while the usability experience is positive.",pricing,positive,usability,positive
absa_00014,"The LearnHub has security that is negative, while the usability experience is neutral.",security,negative,usability,neutral
absa_00015,"The ShopNow has product_quality that is positive, while the refund experience is negative.",product_quality,positive,refund,negative
absa_00016,"The LearnHub has performance that is negative, while the security experience is negative.",performance,negative,security,negative
absa_00017,"The HealthPlus has payment that is neutral, while the refund experience is neutral.",payment,neutral,refund,neutral
absa_00018,"The StreamBox has availability that is negative, while the performance experience is positive.",availability,negative,performance,positive
absa_00019,"The StreamBox has usability that is negative, while the refund experience is negative.",usability,negative,refund,negative
absa_00020,"The CloudDesk has delivery that is negative, while the refund experience is positive.",delivery,negative,refund,positive
absa_00021,"The QuickCash Wallet has refund that is negative, while the pricing experience is negative.",refund,negative,pricing,negative
absa_00022,"The SwiftBank Mobile has security that is negative, while the delivery experience is positive.",security,negative,delivery,positive
absa_00023,"The PayWave Mobile App has security that is positive, while the performance experience is neutral.",security,positive,performance,neutral
absa_00024,"The CloudDesk has product_quality that is negative, while the delivery experience is neutral.",product_quality,negative,delivery,neutral
absa_00025,"The StreamBox has delivery that is positive, while the performance experience is neutral.",delivery,positive,performance,neutral
absa_00026,"The StreamBox has product_quality that is positive, while the customer_support experience is positive.",product_quality,positive,customer_support,positive
absa_00027,"The PayWave Mobile App has delivery that is neutral, while the performance experience is negative.",delivery,neutral,performance,negative
absa_00028,"The SwiftBank Mobile has performance that is neutral, while the delivery experience is positive.",performance,neutral,delivery,positive
absa_00029,"The CloudDesk has customer_support that is neutral, while the refund experience is negative.",customer_support,neutral,refund,negative
absa_00030,"The CloudDesk has pricing that is positive, while the payment experience is positive.",pricing,positive,payment,positive
absa_00031,"The HealthPlus has performance that is negative, while the product_quality experience is neutral.",performance,negative,product_quality,neutral
absa_00032,"The FreshMart has product_quality that is negative, while the security experience is neutral.",product_quality,negative,security,neutral
absa_00033,"The SwiftBank Mobile has security that is neutral, while the availability experience is positive.",security,neutral,availability,positive
absa_00034,"The FreshMart has security that is negative, while the customer_support experience is neutral.",security,negative,customer_support,neutral
absa_00035,"The ShopNow has pricing that is neutral, while the delivery experience is neutral.",pricing,neutral,delivery,neutral
absa_00036,"The PayWave Mobile App has payment that is negative, while the availability experience is neutral.",payment,negative,availability,neutral
absa_00037,"The FreshMart has delivery that is neutral, while the availability experience is negative.",delivery,neutral,availability,negative
absa_00038,"The HealthPlus has usability that is neutral, while the payment experience is neutral.",usability,neutral,payment,neutral
absa_00039,"The StreamBox has payment that is neutral, while the performance experience is positive.",payment,neutral,performance,positive
absa_00040,"The ShopNow has customer_support that is negative, while the payment experience is positive.",customer_support,negative,payment,positive
absa_00041,"The FreshMart has availability that is negative, while the security experience is negative.",availability,negative,security,negative
absa_00042,"The HealthPlus has pricing that is negative, while the payment experience is neutral.",pricing,negative,payment,neutral
absa_00043,"The SwiftBank Mobile has payment that is positive, while the usability experience is neutral.",payment,positive,usability,neutral
absa_00044,"The RideGo has refund that is positive, while the availability experience is neutral.",refund,positive,availability,neutral
absa_00045,"The CloudDesk has availability that is positive, while the delivery experience is positive.",availability,positive,delivery,positive
absa_00046,"The HealthPlus has delivery that is neutral, while the refund experience is negative.",delivery,neutral,refund,negative
absa_00047,"The StreamBox has product_quality that is negative, while the delivery experience is positive.",product_quality,negative,delivery,positive
absa_00048,"The PayWave Mobile App has usability that is neutral, while the product_quality experience is negative.",usability,neutral,product_quality,negative
absa_00049,"The HealthPlus has payment that is positive, while the pricing experience is neutral.",payment,positive,pricing,neutral
absa_00050,"The ShopNow has product_quality that is positive, while the payment experience is neutral.",product_quality,positive,payment,neutral
absa_00051,"The HealthPlus has payment that is neutral, while the availability experience is negative.",payment,neutral,availability,negative
absa_00052,"The CloudDesk has refund that is neutral, while the payment experience is positive.",refund,neutral,payment,positive
absa_00053,"The HealthPlus has pricing that is positive, while the usability experience is negative.",pricing,positive,usability,negative
absa_00054,"The FreshMart has availability that is neutral, while the customer_support experience is neutral.",availability,neutral,customer_support,neutral
absa_00055,"The ShopNow has product_quality that is negative, while the delivery experience is neutral.",product_quality,negative,delivery,neutral
absa_00056,"The HealthPlus has payment that is positive, while the security experience is neutral.",payment,positive,security,neutral
absa_00057,"The CloudDesk has pricing that is positive, while the delivery experience is positive.",pricing,positive,delivery,positive
absa_00058,"The ShopNow has pricing that is negative, while the performance experience is neutral.",pricing,negative,performance,neutral
absa_00059,"The PayWave Mobile App has usability that is negative, while the customer_support experience is neutral.",usability,negative,customer_support,neutral
absa_00060,"The RideGo has security that is negative, while the performance experience is neutral.",security,negative,performance,neutral
absa_00061,"The SwiftBank Mobile has usability that is positive, while the refund experience is neutral.",usability,positive,refund,neutral
absa_00062,"The QuickCash Wallet has refund that is negative, while the delivery experience is negative.",refund,negative,delivery,negative
absa_00063,"The LearnHub has usability that is negative, while the refund experience is positive.",usability,negative,refund,positive
absa_00064,"The StreamBox has customer_support that is neutral, while the pricing experience is negative.",customer_support,neutral,pricing,negative
absa_00065,"The FreshMart has product_quality that is positive, while the delivery experience is positive.",product_quality,positive,delivery,positive
absa_00066,"The ShopNow has pricing that is neutral, while the performance experience is positive.",pricing,neutral,performance,positive
absa_00067,"The SwiftBank Mobile has availability that is positive, while the pricing experience is negative.",availability,positive,pricing,negative
absa_00068,"The StreamBox has payment that is negative, while the delivery experience is neutral.",payment,negative,delivery,neutral
absa_00069,"The CloudDesk has customer_support that is neutral, while the pricing experience is positive.",customer_support,neutral,pricing,positive
absa_00070,"The SwiftBank Mobile has payment that is positive, while the pricing experience is positive.",payment,positive,pricing,positive
absa_00071,"The QuickCash Wallet has availability that is negative, while the refund experience is positive.",availability,negative,refund,positive
absa_00072,"The ShopNow has delivery that is negative, while the usability experience is positive.",delivery,negative,usability,positive
absa_00073,"The CloudDesk has delivery that is neutral, while the availability experience is neutral.",delivery,neutral,availability,neutral
absa_00074,"The SwiftBank Mobile has refund that is neutral, while the performance experience is negative.",refund,neutral,performance,negative
absa_00075,"The HealthPlus has product_quality that is positive, while the refund experience is neutral.",product_quality,positive,refund,neutral
absa_00076,"The LearnHub has payment that is negative, while the usability experience is neutral.",payment,negative,usability,neutral
absa_00077,"The LearnHub has performance that is neutral, while the payment experience is negative.",performance,neutral,payment,negative
absa_00078,"The CloudDesk has product_quality that is neutral, while the performance experience is positive.",product_quality,neutral,performance,positive
absa_00079,"The PayWave Mobile App has security that is negative, while the performance experience is negative.",security,negative,performance,negative
absa_00080,"The ShopNow has security that is neutral, while the usability experience is negative.",security,neutral,usability,negative
absa_00081,"The HealthPlus has refund that is negative, while the customer_support experience is positive.",refund,negative,customer_support,positive
absa_00082,"The ShopNow has delivery that is positive, while the performance experience is neutral.",delivery,positive,performance,neutral
absa_00083,"The ShopNow has security that is positive, while the product_quality experience is positive.",security,positive,product_quality,positive
absa_00084,"The FreshMart has pricing that is neutral, while the performance experience is negative.",pricing,neutral,performance,negative
absa_00085,"The QuickCash Wallet has delivery that is neutral, while the performance experience is negative.",delivery,neutral,performance,negative
absa_00086,"The CloudDesk has usability that is positive, while the performance experience is positive.",usability,positive,performance,positive
absa_00087,"The ShopNow has performance that is neutral, while the pricing experience is negative.",performance,neutral,pricing,negative
absa_00088,"The SwiftBank Mobile has delivery that is negative, while the refund experience is neutral.",delivery,negative,refund,neutral
absa_00089,"The RideGo has refund that is neutral, while the security experience is negative.",refund,neutral,security,negative
absa_00090,"The LearnHub has pricing that is neutral, while the availability experience is positive.",pricing,neutral,availability,positive
absa_00091,"The LearnHub has availability that is neutral, while the pricing experience is negative.",availability,neutral,pricing,negative
absa_00092,"The LearnHub has performance that is negative, while the product_quality experience is negative.",performance,negative,product_quality,negative
absa_00093,"The HealthPlus has product_quality that is negative, while the security experience is positive.",product_quality,negative,security,positive
absa_00094,"The ShopNow has product_quality that is neutral, while the customer_support experience is neutral.",product_quality,neutral,customer_support,neutral
absa_00095,"The RideGo has pricing that is negative, while the customer_support experience is positive.",pricing,negative,customer_support,positive
absa_00096,"The LearnHub has security that is positive, while the customer_support experience is neutral.",security,positive,customer_support,neutral
absa_00097,"The LearnHub has pricing that is neutral, while the product_quality experience is negative.",pricing,neutral,product_quality,negative
absa_00098,"The ShopNow has security that is negative, while the customer_support experience is positive.",security,negative,customer_support,positive
absa_00099,"The FreshMart has availability that is positive, while the security experience is neutral.",availability,positive,security,neutral
absa_00100,"The HealthPlus has security that is positive, while the usability experience is positive.",security,positive,usability,positive
absa_00101,"The CloudDesk has performance that is positive, while the refund experience is neutral.",performance,positive,refund,neutral
absa_00102,"The PayWave Mobile App has availability that is negative, while the security experience is positive.",availability,negative,security,positive
absa_00103,"The CloudDesk has payment that is positive, while the pricing experience is negative.",payment,positive,pricing,negative
absa_00104,"The ShopNow has usability that is neutral, while the availability experience is positive.",usability,neutral,availability,positive
absa_00105,"The CloudDesk has product_quality that is negative, while the security experience is neutral.",product_quality,negative,security,neutral
absa_00106,"The PayWave Mobile App has usability that is positive, while the payment experience is negative.",usability,positive,payment,negative
absa_00107,"The SwiftBank Mobile has product_quality that is positive, while the payment experience is negative.",product_quality,positive,payment,negative
absa_00108,"The QuickCash Wallet has availability that is negative, while the customer_support experience is neutral.",availability,negative,customer_support,neutral
absa_00109,"The LearnHub has product_quality that is positive, while the usability experience is negative.",product_quality,positive,usability,negative
absa_00110,"The LearnHub has customer_support that is positive, while the performance experience is negative.",customer_support,positive,performance,negative
absa_00111,"The CloudDesk has refund that is negative, while the delivery experience is positive.",refund,negative,delivery,positive
absa_00112,"The SwiftBank Mobile has delivery that is negative, while the availability experience is negative.",delivery,negative,availability,negative
absa_00113,"The SwiftBank Mobile has pricing that is positive, while the performance experience is positive.",pricing,positive,performance,positive
absa_00114,"The PayWave Mobile App has pricing that is negative, while the payment experience is negative.",pricing,negative,payment,negative
absa_00115,"The StreamBox has security that is negative, while the performance experience is positive.",security,negative,performance,positive
absa_00116,"The RideGo has performance that is negative, while the availability experience is neutral.",performance,negative,availability,neutral
absa_00117,"The ShopNow has usability that is neutral, while the refund experience is neutral.",usability,neutral,refund,neutral
absa_00118,"The FreshMart has availability that is neutral, while the delivery experience is neutral.",availability,neutral,delivery,neutral
absa_00119,"The HealthPlus has performance that is negative, while the product_quality experience is positive.",performance,negative,product_quality,positive
absa_00120,"The FreshMart has customer_support that is positive, while the refund experience is negative.",customer_support,positive,refund,negative
absa_00121,"The StreamBox has product_quality that is negative, while the pricing experience is positive.",product_quality,negative,pricing,positive
absa_00122,"The RideGo has product_quality that is negative, while the refund experience is neutral.",product_quality,negative,refund,neutral
absa_00123,"The HealthPlus has pricing that is positive, while the delivery experience is negative.",pricing,positive,delivery,negative
absa_00124,"The ShopNow has performance that is neutral, while the payment experience is positive.",performance,neutral,payment,positive
absa_00125,"The PayWave Mobile App has performance that is negative, while the delivery experience is positive.",performance,negative,delivery,positive
absa_00126,"The HealthPlus has customer_support that is positive, while the security experience is neutral.",customer_support,positive,security,neutral
absa_00127,"The SwiftBank Mobile has performance that is neutral, while the customer_support experience is neutral.",performance,neutral,customer_support,neutral
absa_00128,"The CloudDesk has payment that is negative, while the product_quality experience is negative.",payment,negative,product_quality,negative
absa_00129,"The StreamBox has product_quality that is neutral, while the performance experience is neutral.",product_quality,neutral,performance,neutral
absa_00130,"The LearnHub has usability that is negative, while the delivery experience is negative.",usability,negative,delivery,negative
absa_00131,"The SwiftBank Mobile has usability that is neutral, while the product_quality experience is negative.",usability,neutral,product_quality,negative
absa_00132,"The ShopNow has availability that is neutral, while the usability experience is negative.",availability,neutral,usability,negative
absa_00133,"The StreamBox has delivery that is positive, while the customer_support experience is negative.",delivery,positive,customer_support,negative
absa_00134,"The StreamBox has usability that is negative, while the product_quality experience is negative.",usability,negative,product_quality,negative
absa_00135,"The ShopNow has delivery that is positive, while the pricing experience is negative.",delivery,positive,pricing,negative
absa_00136,"The QuickCash Wallet has usability that is neutral, while the product_quality experience is neutral.",usability,neutral,product_quality,neutral
absa_00137,"The HealthPlus has refund that is neutral, while the product_quality experience is positive.",refund,neutral,product_quality,positive
absa_00138,"The RideGo has customer_support that is negative, while the delivery experience is positive.",customer_support,negative,delivery,positive
absa_00139,"The StreamBox has availability that is negative, while the product_quality experience is neutral.",availability,negative,product_quality,neutral
absa_00140,"The CloudDesk has payment that is positive, while the customer_support experience is positive.",payment,positive,customer_support,positive
absa_00141,"The RideGo has security that is neutral, while the performance experience is neutral.",security,neutral,performance,neutral
absa_00142,"The SwiftBank Mobile has usability that is positive, while the availability experience is neutral.",usability,positive,availability,neutral
absa_00143,"The FreshMart has product_quality that is neutral, while the customer_support experience is positive.",product_quality,neutral,customer_support,positive
absa_00144,"The FreshMart has usability that is neutral, while the availability experience is positive.",usability,neutral,availability,positive
absa_00145,"The HealthPlus has availability that is negative, while the customer_support experience is positive.",availability,negative,customer_support,positive
absa_00146,"The PayWave Mobile App has product_quality that is negative, while the delivery experience is positive.",product_quality,negative,delivery,positive
absa_00147,"The LearnHub has refund that is negative, while the availability experience is positive.",refund,negative,availability,positive
absa_00148,"The QuickCash Wallet has refund that is negative, while the pricing experience is neutral.",refund,negative,pricing,neutral
absa_00149,"The HealthPlus has payment that is neutral, while the pricing experience is positive.",payment,neutral,pricing,positive
absa_00150,"The ShopNow has pricing that is positive, while the payment experience is neutral.",pricing,positive,payment,neutral
absa_00151,"The QuickCash Wallet has delivery that is negative, while the usability experience is positive.",delivery,negative,usability,positive
absa_00152,"The ShopNow has security that is neutral, while the refund experience is neutral.",security,neutral,refund,neutral
absa_00153,"The RideGo has customer_support that is positive, while the delivery experience is positive.",customer_support,positive,delivery,positive
absa_00154,"The SwiftBank Mobile has delivery that is positive, while the refund experience is negative.",delivery,positive,refund,negative
absa_00155,"The CloudDesk has performance that is positive, while the customer_support experience is positive.",performance,positive,customer_support,positive
absa_00156,"The SwiftBank Mobile has performance that is neutral, while the security experience is negative.",performance,neutral,security,negative
absa_00157,"The CloudDesk has product_quality that is positive, while the refund experience is positive.",product_quality,positive,refund,positive
absa_00158,"The ShopNow has payment that is positive, while the delivery experience is negative.",payment,positive,delivery,negative
absa_00159,"The FreshMart has product_quality that is negative, while the usability experience is neutral.",product_quality,negative,usability,neutral
absa_00160,"The StreamBox has usability that is positive, while the product_quality experience is positive.",usability,positive,product_quality,positive
absa_00161,"The StreamBox has refund that is negative, while the payment experience is neutral.",refund,negative,payment,neutral
absa_00162,"The PayWave Mobile App has customer_support that is negative, while the availability experience is negative.",customer_support,negative,availability,negative
absa_00163,"The StreamBox has security that is negative, while the delivery experience is negative.",security,negative,delivery,negative
absa_00164,"The LearnHub has product_quality that is neutral, while the usability experience is negative.",product_quality,neutral,usability,negative
absa_00165,"The RideGo has product_quality that is negative, while the customer_support experience is positive.",product_quality,negative,customer_support,positive
absa_00166,"The QuickCash Wallet has refund that is negative, while the delivery experience is negative.",refund,negative,delivery,negative
absa_00167,"The QuickCash Wallet has refund that is positive, while the payment experience is negative.",refund,positive,payment,negative
absa_00168,"The QuickCash Wallet has customer_support that is negative, while the usability experience is positive.",customer_support,negative,usability,positive
absa_00169,"The HealthPlus has payment that is positive, while the performance experience is neutral.",payment,positive,performance,neutral
absa_00170,"The HealthPlus has product_quality that is neutral, while the security experience is negative.",product_quality,neutral,security,negative
absa_00171,"The LearnHub has performance that is neutral, while the delivery experience is positive.",performance,neutral,delivery,positive
absa_00172,"The QuickCash Wallet has delivery that is negative, while the availability experience is neutral.",delivery,negative,availability,neutral
absa_00173,"The PayWave Mobile App has customer_support that is neutral, while the usability experience is neutral.",customer_support,neutral,usability,neutral
absa_00174,"The ShopNow has customer_support that is neutral, while the product_quality experience is negative.",customer_support,neutral,product_quality,negative
absa_00175,"The FreshMart has performance that is positive, while the refund experience is positive.",performance,positive,refund,positive
absa_00176,"The PayWave Mobile App has refund that is neutral, while the pricing experience is negative.",refund,neutral,pricing,negative
absa_00177,"The QuickCash Wallet has product_quality that is positive, while the customer_support experience is negative.",product_quality,positive,customer_support,negative
absa_00178,"The HealthPlus has availability that is positive, while the product_quality experience is neutral.",availability,positive,product_quality,neutral
absa_00179,"The StreamBox has availability that is positive, while the customer_support experience is neutral.",availability,positive,customer_support,neutral
absa_00180,"The RideGo has pricing that is negative, while the usability experience is negative.",pricing,negative,usability,negative
absa_00181,"The StreamBox has availability that is neutral, while the payment experience is negative.",availability,neutral,payment,negative
absa_00182,"The FreshMart has pricing that is positive, while the refund experience is positive.",pricing,positive,refund,positive
absa_00183,"The PayWave Mobile App has product_quality that is positive, while the payment experience is negative.",product_quality,positive,payment,negative
absa_00184,"The CloudDesk has product_quality that is neutral, while the performance experience is negative.",product_quality,neutral,performance,negative
absa_00185,"The QuickCash Wallet has delivery that is neutral, while the product_quality experience is positive.",delivery,neutral,product_quality,positive
absa_00186,"The RideGo has usability that is neutral, while the pricing experience is negative.",usability,neutral,pricing,negative
absa_00187,"The LearnHub has refund that is positive, while the customer_support experience is positive.",refund,positive,customer_support,positive
absa_00188,"The PayWave Mobile App has delivery that is negative, while the refund experience is neutral.",delivery,negative,refund,neutral
absa_00189,"The HealthPlus has product_quality that is positive, while the security experience is negative.",product_quality,positive,security,negative
absa_00190,"The StreamBox has performance that is positive, while the customer_support experience is neutral.",performance,positive,customer_support,neutral
absa_00191,"The CloudDesk has security that is positive, while the usability experience is neutral.",security,positive,usability,neutral
absa_00192,"The QuickCash Wallet has delivery that is neutral, while the payment experience is negative.",delivery,neutral,payment,negative
absa_00193,"The HealthPlus has delivery that is neutral, while the usability experience is negative.",delivery,neutral,usability,negative
absa_00194,"The FreshMart has delivery that is negative, while the availability experience is positive.",delivery,negative,availability,positive
absa_00195,"The HealthPlus has performance that is neutral, while the usability experience is negative.",performance,neutral,usability,negative
absa_00196,"The StreamBox has pricing that is neutral, while the usability experience is negative.",pricing,neutral,usability,negative
absa_00197,"The HealthPlus has delivery that is neutral, while the refund experience is neutral.",delivery,neutral,refund,neutral
absa_00198,"The QuickCash Wallet has refund that is positive, while the customer_support experience is negative.",refund,positive,customer_support,negative
absa_00199,"The QuickCash Wallet has product_quality that is negative, while the delivery experience is positive.",product_quality,negative,delivery,positive
absa_00200,"The PayWave Mobile App has product_quality that is neutral, while the availability experience is negative.",product_quality,neutral,availability,negative
absa_00201,"The LearnHub has customer_support that is negative, while the performance experience is positive.",customer_support,negative,performance,positive
absa_00202,"The FreshMart has pricing that is neutral, while the availability experience is negative.",pricing,neutral,availability,negative
absa_00203,"The ShopNow has performance that is neutral, while the usability experience is positive.",performance,neutral,usability,positive
absa_00204,"The QuickCash Wallet has availability that is positive, while the payment experience is negative.",availability,positive,payment,negative
absa_00205,"The PayWave Mobile App has pricing that is neutral, while the customer_support experience is negative.",pricing,neutral,customer_support,negative
absa_00206,"The FreshMart has product_quality that is neutral, while the pricing experience is neutral.",product_quality,neutral,pricing,neutral
absa_00207,"The CloudDesk has product_quality that is negative, while the payment experience is positive.",product_quality,negative,payment,positive
absa_00208,"The HealthPlus has performance that is neutral, while the availability experience is negative.",performance,neutral,availability,negative
absa_00209,"The QuickCash Wallet has usability that is negative, while the refund experience is positive.",usability,negative,refund,positive
absa_00210,"The FreshMart has customer_support that is positive, while the product_quality experience is neutral.",customer_support,positive,product_quality,neutral
absa_00211,"The SwiftBank Mobile has pricing that is negative, while the security experience is neutral.",pricing,negative,security,neutral
absa_00212,"The CloudDesk has availability that is positive, while the delivery experience is neutral.",availability,positive,delivery,neutral
absa_00213,"The QuickCash Wallet has availability that is neutral, while the security experience is negative.",availability,neutral,security,negative
absa_00214,"The QuickCash Wallet has payment that is negative, while the security experience is positive.",payment,negative,security,positive
absa_00215,"The ShopNow has performance that is positive, while the customer_support experience is neutral.",performance,positive,customer_support,neutral
absa_00216,"The ShopNow has security that is negative, while the performance experience is negative.",security,negative,performance,negative
absa_00217,"The QuickCash Wallet has availability that is neutral, while the performance experience is negative.",availability,neutral,performance,negative
absa_00218,"The CloudDesk has security that is neutral, while the refund experience is neutral.",security,neutral,refund,neutral
absa_00219,"The HealthPlus has usability that is positive, while the refund experience is positive.",usability,positive,refund,positive
absa_00220,"The LearnHub has product_quality that is negative, while the performance experience is neutral.",product_quality,negative,performance,neutral
absa_00221,"The PayWave Mobile App has product_quality that is neutral, while the refund experience is neutral.",product_quality,neutral,refund,neutral
absa_00222,"The HealthPlus has availability that is positive, while the customer_support experience is neutral.",availability,positive,customer_support,neutral
absa_00223,"The QuickCash Wallet has availability that is neutral, while the payment experience is negative.",availability,neutral,payment,negative
absa_00224,"The LearnHub has usability that is neutral, while the delivery experience is positive.",usability,neutral,delivery,positive
absa_00225,"The FreshMart has customer_support that is negative, while the usability experience is positive.",customer_support,negative,usability,positive
absa_00226,"The LearnHub has product_quality that is neutral, while the pricing experience is neutral.",product_quality,neutral,pricing,neutral
absa_00227,"The StreamBox has availability that is negative, while the performance experience is neutral.",availability,negative,performance,neutral
absa_00228,"The HealthPlus has payment that is neutral, while the performance experience is positive.",payment,neutral,performance,positive
absa_00229,"The CloudDesk has usability that is neutral, while the delivery experience is positive.",usability,neutral,delivery,positive
absa_00230,"The SwiftBank Mobile has refund that is neutral, while the customer_support experience is negative.",refund,neutral,customer_support,negative
absa_00231,"The RideGo has usability that is positive, while the availability experience is positive.",usability,positive,availability,positive
absa_00232,"The ShopNow has security that is negative, while the refund experience is positive.",security,negative,refund,positive
absa_00233,"The LearnHub has performance that is negative, while the delivery experience is negative.",performance,negative,delivery,negative
absa_00234,"The HealthPlus has payment that is negative, while the performance experience is neutral.",payment,negative,performance,neutral
absa_00235,"The QuickCash Wallet has pricing that is neutral, while the usability experience is neutral.",pricing,neutral,usability,neutral
absa_00236,"The QuickCash Wallet has pricing that is neutral, while the security experience is positive.",pricing,neutral,security,positive
absa_00237,"The HealthPlus has availability that is positive, while the customer_support experience is negative.",availability,positive,customer_support,negative
absa_00238,"The FreshMart has availability that is negative, while the customer_support experience is neutral.",availability,negative,customer_support,neutral
absa_00239,"The HealthPlus has refund that is neutral, while the usability experience is positive.",refund,neutral,usability,positive
absa_00240,"The RideGo has performance that is negative, while the security experience is positive.",performance,negative,security,positive
absa_00241,"The ShopNow has security that is positive, while the payment experience is positive.",security,positive,payment,positive
absa_00242,"The RideGo has product_quality that is negative, while the usability experience is positive.",product_quality,negative,usability,positive
absa_00243,"The PayWave Mobile App has availability that is negative, while the security experience is negative.",availability,negative,security,negative
absa_00244,"The StreamBox has pricing that is positive, while the customer_support experience is negative.",pricing,positive,customer_support,negative
absa_00245,"The SwiftBank Mobile has refund that is positive, while the usability experience is neutral.",refund,positive,usability,neutral
absa_00246,"The FreshMart has pricing that is neutral, while the security experience is positive.",pricing,neutral,security,positive
absa_00247,"The ShopNow has product_quality that is neutral, while the delivery experience is positive.",product_quality,neutral,delivery,positive
absa_00248,"The HealthPlus has pricing that is positive, while the security experience is negative.",pricing,positive,security,negative
absa_00249,"The FreshMart has payment that is negative, while the availability experience is neutral.",payment,negative,availability,neutral
absa_00250,"The ShopNow has usability that is neutral, while the refund experience is negative.",usability,neutral,refund,negative
absa_00251,"The ShopNow has performance that is negative, while the pricing experience is neutral.",performance,negative,pricing,neutral
absa_00252,"The LearnHub has payment that is neutral, while the product_quality experience is positive.",payment,neutral,product_quality,positive
absa_00253,"The QuickCash Wallet has delivery that is negative, while the performance experience is neutral.",delivery,negative,performance,neutral
absa_00254,"The HealthPlus has delivery that is positive, while the security experience is negative.",delivery,positive,security,negative
absa_00255,"The StreamBox has refund that is neutral, while the usability experience is neutral.",refund,neutral,usability,neutral
absa_00256,"The CloudDesk has pricing that is neutral, while the product_quality experience is neutral.",pricing,neutral,product_quality,neutral
absa_00257,"The PayWave Mobile App has availability that is neutral, while the security experience is positive.",availability,neutral,security,positive
absa_00258,"The FreshMart has payment that is negative, while the security experience is neutral.",payment,negative,security,neutral
absa_00259,"The HealthPlus has payment that is positive, while the refund experience is positive.",payment,positive,refund,positive
absa_00260,"The CloudDesk has performance that is negative, while the product_quality experience is positive.",performance,negative,product_quality,positive
absa_00261,"The StreamBox has customer_support that is neutral, while the payment experience is neutral.",customer_support,neutral,payment,neutral
absa_00262,"The StreamBox has availability that is positive, while the payment experience is positive.",availability,positive,payment,positive
absa_00263,"The RideGo has usability that is neutral, while the customer_support experience is neutral.",usability,neutral,customer_support,neutral
absa_00264,"The RideGo has delivery that is positive, while the refund experience is neutral.",delivery,positive,refund,neutral
absa_00265,"The SwiftBank Mobile has availability that is positive, while the pricing experience is neutral.",availability,positive,pricing,neutral
absa_00266,"The PayWave Mobile App has usability that is neutral, while the customer_support experience is positive.",usability,neutral,customer_support,positive
absa_00267,"The SwiftBank Mobile has usability that is positive, while the product_quality experience is negative.",usability,positive,product_quality,negative
absa_00268,"The SwiftBank Mobile has delivery that is negative, while the availability experience is positive.",delivery,negative,availability,positive
absa_00269,"The FreshMart has availability that is neutral, while the payment experience is negative.",availability,neutral,payment,negative
absa_00270,"The CloudDesk has security that is negative, while the payment experience is neutral.",security,negative,payment,neutral
absa_00271,"The PayWave Mobile App has payment that is positive, while the security experience is positive.",payment,positive,security,positive
absa_00272,"The CloudDesk has security that is positive, while the pricing experience is neutral.",security,positive,pricing,neutral
absa_00273,"The CloudDesk has refund that is negative, while the product_quality experience is negative.",refund,negative,product_quality,negative
absa_00274,"The ShopNow has refund that is neutral, while the pricing experience is negative.",refund,neutral,pricing,negative
absa_00275,"The StreamBox has availability that is negative, while the security experience is neutral.",availability,negative,security,neutral
absa_00276,"The PayWave Mobile App has refund that is negative, while the product_quality experience is negative.",refund,negative,product_quality,negative
absa_00277,"The StreamBox has security that is neutral, while the availability experience is positive.",security,neutral,availability,positive
absa_00278,"The StreamBox has payment that is neutral, while the availability experience is negative.",payment,neutral,availability,negative
absa_00279,"The FreshMart has usability that is negative, while the refund experience is positive.",usability,negative,refund,positive
absa_00280,"The CloudDesk has delivery that is positive, while the product_quality experience is neutral.",delivery,positive,product_quality,neutral
absa_00281,"The PayWave Mobile App has refund that is negative, while the payment experience is neutral.",refund,negative,payment,neutral
absa_00282,"The RideGo has pricing that is negative, while the performance experience is positive.",pricing,negative,performance,positive
absa_00283,"The ShopNow has product_quality that is neutral, while the security experience is neutral.",product_quality,neutral,security,neutral
absa_00284,"The CloudDesk has usability that is neutral, while the payment experience is positive.",usability,neutral,payment,positive
absa_00285,"The HealthPlus has performance that is negative, while the refund experience is positive.",performance,negative,refund,positive
absa_00286,"The FreshMart has payment that is negative, while the usability experience is neutral.",payment,negative,usability,neutral
absa_00287,"The CloudDesk has refund that is positive, while the pricing experience is neutral.",refund,positive,pricing,neutral
absa_00288,"The FreshMart has delivery that is neutral, while the product_quality experience is negative.",delivery,neutral,product_quality,negative
absa_00289,"The SwiftBank Mobile has product_quality that is neutral, while the pricing experience is positive.",product_quality,neutral,pricing,positive
absa_00290,"The PayWave Mobile App has security that is negative, while the pricing experience is neutral.",security,negative,pricing,neutral
absa_00291,"The QuickCash Wallet has payment that is negative, while the refund experience is negative.",payment,negative,refund,negative
absa_00292,"The RideGo has availability that is negative, while the product_quality experience is positive.",availability,negative,product_quality,positive
absa_00293,"The StreamBox has delivery that is neutral, while the usability experience is positive.",delivery,neutral,usability,positive
absa_00294,"The QuickCash Wallet has payment that is positive, while the delivery experience is positive.",payment,positive,delivery,positive
absa_00295,"The HealthPlus has pricing that is neutral, while the refund experience is positive.",pricing,neutral,refund,positive
absa_00296,"The RideGo has security that is negative, while the customer_support experience is negative.",security,negative,customer_support,negative
absa_00297,"The StreamBox has product_quality that is neutral, while the customer_support experience is positive.",product_quality,neutral,customer_support,positive
absa_00298,"The CloudDesk has usability that is neutral, while the payment experience is neutral.",usability,neutral,payment,neutral
absa_00299,"The StreamBox has customer_support that is positive, while the pricing experience is positive.",customer_support,positive,pricing,positive
absa_00300,"The RideGo has product_quality that is neutral, while the customer_support experience is negative.",product_quality,neutral,customer_support,negative
absa_00301,"The PayWave Mobile App has pricing that is negative, while the refund experience is neutral.",pricing,negative,refund,neutral
absa_00302,"The HealthPlus has product_quality that is positive, while the usability experience is neutral.",product_quality,positive,usability,neutral
absa_00303,"The PayWave Mobile App has security that is negative, while the pricing experience is negative.",security,negative,pricing,negative
absa_00304,"The HealthPlus has delivery that is positive, while the security experience is neutral.",delivery,positive,security,neutral
absa_00305,"The FreshMart has security that is positive, while the performance experience is positive.",security,positive,performance,positive
absa_00306,"The QuickCash Wallet has refund that is neutral, while the product_quality experience is neutral.",refund,neutral,product_quality,neutral
absa_00307,"The RideGo has payment that is neutral, while the refund experience is neutral.",payment,neutral,refund,neutral
absa_00308,"The PayWave Mobile App has product_quality that is positive, while the availability experience is positive.",product_quality,positive,availability,positive
absa_00309,"The PayWave Mobile App has security that is neutral, while the product_quality experience is negative.",security,neutral,product_quality,negative
absa_00310,"The FreshMart has product_quality that is negative, while the security experience is neutral.",product_quality,negative,security,neutral
absa_00311,"The SwiftBank Mobile has usability that is negative, while the performance experience is neutral.",usability,negative,performance,neutral
absa_00312,"The SwiftBank Mobile has delivery that is neutral, while the performance experience is positive.",delivery,neutral,performance,positive
absa_00313,"The RideGo has usability that is positive, while the customer_support experience is neutral.",usability,positive,customer_support,neutral
absa_00314,"The FreshMart has delivery that is positive, while the availability experience is positive.",delivery,positive,availability,positive
absa_00315,"The StreamBox has refund that is positive, while the customer_support experience is negative.",refund,positive,customer_support,negative
absa_00316,"The PayWave Mobile App has pricing that is positive, while the payment experience is neutral.",pricing,positive,payment,neutral
absa_00317,"The StreamBox has performance that is neutral, while the security experience is neutral.",performance,neutral,security,neutral
absa_00318,"The RideGo has usability that is neutral, while the availability experience is negative.",usability,neutral,availability,negative
absa_00319,"The StreamBox has security that is negative, while the customer_support experience is neutral.",security,negative,customer_support,neutral
absa_00320,"The PayWave Mobile App has product_quality that is positive, while the delivery experience is positive.",product_quality,positive,delivery,positive
absa_00321,"The StreamBox has customer_support that is negative, while the delivery experience is positive.",customer_support,negative,delivery,positive
absa_00322,"The CloudDesk has performance that is positive, while the product_quality experience is positive.",performance,positive,product_quality,positive
absa_00323,"The RideGo has customer_support that is neutral, while the product_quality experience is positive.",customer_support,neutral,product_quality,positive
absa_00324,"The SwiftBank Mobile has customer_support that is positive, while the availability experience is neutral.",customer_support,positive,availability,neutral
absa_00325,"The HealthPlus has usability that is positive, while the security experience is negative.",usability,positive,security,negative
absa_00326,"The SwiftBank Mobile has payment that is positive, while the pricing experience is neutral.",payment,positive,pricing,neutral
absa_00327,"The SwiftBank Mobile has pricing that is negative, while the customer_support experience is negative.",pricing,negative,customer_support,negative
absa_00328,"The QuickCash Wallet has security that is positive, while the pricing experience is neutral.",security,positive,pricing,neutral
absa_00329,"The LearnHub has refund that is positive, while the delivery experience is positive.",refund,positive,delivery,positive
absa_00330,"The LearnHub has delivery that is positive, while the pricing experience is neutral.",delivery,positive,pricing,neutral
absa_00331,"The CloudDesk has pricing that is neutral, while the payment experience is positive.",pricing,neutral,payment,positive
absa_00332,"The RideGo has delivery that is neutral, while the payment experience is negative.",delivery,neutral,payment,negative
absa_00333,"The CloudDesk has payment that is neutral, while the security experience is neutral.",payment,neutral,security,neutral
absa_00334,"The QuickCash Wallet has refund that is positive, while the customer_support experience is negative.",refund,positive,customer_support,negative
absa_00335,"The SwiftBank Mobile has pricing that is negative, while the refund experience is positive.",pricing,negative,refund,positive
absa_00336,"The QuickCash Wallet has availability that is neutral, while the performance experience is negative.",availability,neutral,performance,negative
absa_00337,"The ShopNow has usability that is neutral, while the customer_support experience is negative.",usability,neutral,customer_support,negative
absa_00338,"The RideGo has availability that is positive, while the customer_support experience is negative.",availability,positive,customer_support,negative
absa_00339,"The QuickCash Wallet has refund that is neutral, while the availability experience is neutral.",refund,neutral,availability,neutral
absa_00340,"The FreshMart has customer_support that is positive, while the availability experience is positive.",customer_support,positive,availability,positive
absa_00341,"The CloudDesk has product_quality that is neutral, while the customer_support experience is neutral.",product_quality,neutral,customer_support,neutral
absa_00342,"The FreshMart has customer_support that is negative, while the delivery experience is negative.",customer_support,negative,delivery,negative
absa_00343,"The LearnHub has availability that is negative, while the performance experience is negative.",availability,negative,performance,negative
absa_00344,"The SwiftBank Mobile has availability that is neutral, while the refund experience is neutral.",availability,neutral,refund,neutral
absa_00345,"The QuickCash Wallet has delivery that is neutral, while the performance experience is neutral.",delivery,neutral,performance,neutral
absa_00346,"The StreamBox has payment that is positive, while the customer_support experience is negative.",payment,positive,customer_support,negative
absa_00347,"The StreamBox has product_quality that is positive, while the security experience is neutral.",product_quality,positive,security,neutral
absa_00348,"The StreamBox has usability that is positive, while the availability experience is positive.",usability,positive,availability,positive
absa_00349,"The FreshMart has delivery that is negative, while the product_quality experience is negative.",delivery,negative,product_quality,negative
absa_00350,"The HealthPlus has usability that is positive, while the security experience is neutral.",usability,positive,security,neutral
absa_00351,"The RideGo has delivery that is neutral, while the pricing experience is negative.",delivery,neutral,pricing,negative
absa_00352,"The SwiftBank Mobile has customer_support that is neutral, while the payment experience is negative.",customer_support,neutral,payment,negative
absa_00353,"The RideGo has security that is neutral, while the performance experience is positive.",security,neutral,performance,positive
absa_00354,"The FreshMart has product_quality that is positive, while the payment experience is neutral.",product_quality,positive,payment,neutral
absa_00355,"The StreamBox has pricing that is neutral, while the availability experience is neutral.",pricing,neutral,availability,neutral
absa_00356,"The StreamBox has security that is positive, while the customer_support experience is negative.",security,positive,customer_support,negative
absa_00357,"The RideGo has payment that is neutral, while the security experience is neutral.",payment,neutral,security,neutral
absa_00358,"The StreamBox has pricing that is positive, while the availability experience is positive.",pricing,positive,availability,positive
absa_00359,"The CloudDesk has customer_support that is positive, while the delivery experience is neutral.",customer_support,positive,delivery,neutral
absa_00360,"The LearnHub has availability that is neutral, while the pricing experience is negative.",availability,neutral,pricing,negative
absa_00361,"The RideGo has refund that is positive, while the product_quality experience is negative.",refund,positive,product_quality,negative
absa_00362,"The QuickCash Wallet has security that is positive, while the delivery experience is negative.",security,positive,delivery,negative
absa_00363,"The ShopNow has refund that is negative, while the customer_support experience is positive.",refund,negative,customer_support,positive
absa_00364,"The HealthPlus has performance that is neutral, while the product_quality experience is positive.",performance,neutral,product_quality,positive
absa_00365,"The PayWave Mobile App has usability that is negative, while the pricing experience is negative.",usability,negative,pricing,negative
absa_00366,"The StreamBox has performance that is neutral, while the payment experience is negative.",performance,neutral,payment,negative
absa_00367,"The RideGo has security that is neutral, while the usability experience is neutral.",security,neutral,usability,neutral
absa_00368,"The LearnHub has payment that is neutral, while the security experience is positive.",payment,neutral,security,positive
absa_00369,"The SwiftBank Mobile has product_quality that is neutral, while the performance experience is positive.",product_quality,neutral,performance,positive
absa_00370,"The SwiftBank Mobile has availability that is negative, while the pricing experience is negative.",availability,negative,pricing,negative
absa_00371,"The ShopNow has security that is positive, while the refund experience is negative.",security,positive,refund,negative
absa_00372,"The PayWave Mobile App has performance that is positive, while the pricing experience is positive.",performance,positive,pricing,positive
absa_00373,"The CloudDesk has security that is negative, while the delivery experience is positive.",security,negative,delivery,positive
absa_00374,"The RideGo has delivery that is neutral, while the pricing experience is positive.",delivery,neutral,pricing,positive
absa_00375,"The LearnHub has payment that is neutral, while the usability experience is neutral.",payment,neutral,usability,neutral
absa_00376,"The CloudDesk has pricing that is negative, while the usability experience is negative.",pricing,negative,usability,negative
absa_00377,"The CloudDesk has delivery that is neutral, while the performance experience is neutral.",delivery,neutral,performance,neutral
absa_00378,"The RideGo has security that is positive, while the performance experience is negative.",security,positive,performance,negative
absa_00379,"The PayWave Mobile App has usability that is neutral, while the performance experience is neutral.",usability,neutral,performance,neutral
absa_00380,"The CloudDesk has pricing that is neutral, while the product_quality experience is negative.",pricing,neutral,product_quality,negative
absa_00381,"The QuickCash Wallet has product_quality that is negative, while the usability experience is neutral.",product_quality,negative,usability,neutral
absa_00382,"The ShopNow has delivery that is negative, while the refund experience is negative.",delivery,negative,refund,negative
absa_00383,"The HealthPlus has availability that is neutral, while the delivery experience is positive.",availability,neutral,delivery,positive
absa_00384,"The ShopNow has payment that is positive, while the pricing experience is positive.",payment,positive,pricing,positive
absa_00385,"The SwiftBank Mobile has product_quality that is positive, while the delivery experience is positive.",product_quality,positive,delivery,positive
absa_00386,"The CloudDesk has customer_support that is positive, while the performance experience is negative.",customer_support,positive,performance,negative
absa_00387,"The QuickCash Wallet has security that is positive, while the performance experience is neutral.",security,positive,performance,neutral
absa_00388,"The ShopNow has security that is negative, while the availability experience is negative.",security,negative,availability,negative
absa_00389,"The LearnHub has refund that is positive, while the customer_support experience is negative.",refund,positive,customer_support,negative
absa_00390,"The QuickCash Wallet has product_quality that is neutral, while the payment experience is positive.",product_quality,neutral,payment,positive
absa_00391,"The PayWave Mobile App has security that is neutral, while the refund experience is positive.",security,neutral,refund,positive
absa_00392,"The StreamBox has availability that is positive, while the refund experience is positive.",availability,positive,refund,positive
absa_00393,"The QuickCash Wallet has product_quality that is neutral, while the delivery experience is neutral.",product_quality,neutral,delivery,neutral
absa_00394,"The QuickCash Wallet has refund that is negative, while the pricing experience is positive.",refund,negative,pricing,positive
absa_00395,"The QuickCash Wallet has delivery that is neutral, while the refund experience is neutral.",delivery,neutral,refund,neutral
absa_00396,"The PayWave Mobile App has usability that is negative, while the refund experience is positive.",usability,negative,refund,positive
absa_00397,"The ShopNow has payment that is negative, while the customer_support experience is negative.",payment,negative,customer_support,negative
absa_00398,"The ShopNow has usability that is negative, while the refund experience is negative.",usability,negative,refund,negative
absa_00399,"The HealthPlus has performance that is negative, while the delivery experience is positive.",performance,negative,delivery,positive
absa_00400,"The StreamBox has pricing that is negative, while the performance experience is negative.",pricing,negative,performance,negative
absa_00401,"The ShopNow has pricing that is negative, while the security experience is neutral.",pricing,negative,security,neutral
absa_00402,"The CloudDesk has security that is neutral, while the refund experience is neutral.",security,neutral,refund,neutral
absa_00403,"The PayWave Mobile App has payment that is negative, while the delivery experience is positive.",payment,negative,delivery,positive
absa_00404,"The CloudDesk has availability that is positive, while the usability experience is negative.",availability,positive,usability,negative
absa_00405,"The CloudDesk has refund that is positive, while the product_quality experience is negative.",refund,positive,product_quality,negative
absa_00406,"The ShopNow has customer_support that is positive, while the security experience is positive.",customer_support,positive,security,positive
absa_00407,"The QuickCash Wallet has refund that is positive, while the delivery experience is negative.",refund,positive,delivery,negative
absa_00408,"The FreshMart has refund that is neutral, while the product_quality experience is positive.",refund,neutral,product_quality,positive
absa_00409,"The FreshMart has security that is negative, while the availability experience is negative.",security,negative,availability,negative
absa_00410,"The StreamBox has product_quality that is positive, while the availability experience is negative.",product_quality,positive,availability,negative
absa_00411,"The HealthPlus has pricing that is neutral, while the payment experience is neutral.",pricing,neutral,payment,neutral
absa_00412,"The RideGo has product_quality that is positive, while the performance experience is negative.",product_quality,positive,performance,negative
absa_00413,"The QuickCash Wallet has pricing that is neutral, while the product_quality experience is neutral.",pricing,neutral,product_quality,neutral
absa_00414,"The LearnHub has availability that is neutral, while the usability experience is negative.",availability,neutral,usability,negative
absa_00415,"The CloudDesk has product_quality that is neutral, while the payment experience is positive.",product_quality,neutral,payment,positive
absa_00416,"The RideGo has delivery that is neutral, while the usability experience is positive.",delivery,neutral,usability,positive
absa_00417,"The ShopNow has customer_support that is positive, while the delivery experience is positive.",customer_support,positive,delivery,positive
absa_00418,"The CloudDesk has pricing that is positive, while the security experience is neutral.",pricing,positive,security,neutral
absa_00419,"The PayWave Mobile App has product_quality that is negative, while the security experience is positive.",product_quality,negative,security,positive
absa_00420,"The LearnHub has usability that is positive, while the delivery experience is negative.",usability,positive,delivery,negative
absa_00421,"The LearnHub has availability that is negative, while the payment experience is positive.",availability,negative,payment,positive
absa_00422,"The CloudDesk has refund that is positive, while the usability experience is neutral.",refund,positive,usability,neutral
absa_00423,"The RideGo has refund that is negative, while the security experience is neutral.",refund,negative,security,neutral
absa_00424,"The PayWave Mobile App has payment that is negative, while the delivery experience is negative.",payment,negative,delivery,negative
absa_00425,"The CloudDesk has payment that is neutral, while the pricing experience is neutral.",payment,neutral,pricing,neutral
absa_00426,"The StreamBox has pricing that is positive, while the customer_support experience is negative.",pricing,positive,customer_support,negative
absa_00427,"The HealthPlus has usability that is positive, while the performance experience is positive.",usability,positive,performance,positive
absa_00428,"The ShopNow has refund that is negative, while the performance experience is negative.",refund,negative,performance,negative
absa_00429,"The QuickCash Wallet has security that is negative, while the product_quality experience is negative.",security,negative,product_quality,negative
absa_00430,"The ShopNow has availability that is neutral, while the pricing experience is positive.",availability,neutral,pricing,positive
absa_00431,"The QuickCash Wallet has refund that is positive, while the customer_support experience is positive.",refund,positive,customer_support,positive
absa_00432,"The HealthPlus has payment that is positive, while the performance experience is negative.",payment,positive,performance,negative
absa_00433,"The PayWave Mobile App has refund that is positive, while the performance experience is positive.",refund,positive,performance,positive
absa_00434,"The StreamBox has refund that is neutral, while the availability experience is neutral.",refund,neutral,availability,neutral
absa_00435,"The ShopNow has availability that is negative, while the performance experience is negative.",availability,negative,performance,negative
absa_00436,"The SwiftBank Mobile has refund that is neutral, while the usability experience is negative.",refund,neutral,usability,negative
absa_00437,"The PayWave Mobile App has refund that is negative, while the payment experience is neutral.",refund,negative,payment,neutral
absa_00438,"The PayWave Mobile App has payment that is positive, while the product_quality experience is negative.",payment,positive,product_quality,negative
absa_00439,"The HealthPlus has security that is negative, while the pricing experience is positive.",security,negative,pricing,positive
absa_00440,"The QuickCash Wallet has usability that is negative, while the refund experience is negative.",usability,negative,refund,negative
absa_00441,"The CloudDesk has refund that is negative, while the pricing experience is neutral.",refund,negative,pricing,neutral
absa_00442,"The RideGo has customer_support that is negative, while the refund experience is positive.",customer_support,negative,refund,positive
absa_00443,"The PayWave Mobile App has usability that is positive, while the security experience is negative.",usability,positive,security,negative
absa_00444,"The LearnHub has refund that is negative, while the delivery experience is positive.",refund,negative,delivery,positive
absa_00445,"The ShopNow has availability that is negative, while the product_quality experience is positive.",availability,negative,product_quality,positive
absa_00446,"The StreamBox has usability that is positive, while the performance experience is neutral.",usability,positive,performance,neutral
absa_00447,"The QuickCash Wallet has performance that is positive, while the customer_support experience is neutral.",performance,positive,customer_support,neutral
absa_00448,"The QuickCash Wallet has refund that is negative, while the performance experience is negative.",refund,negative,performance,negative
absa_00449,"The SwiftBank Mobile has customer_support that is neutral, while the delivery experience is positive.",customer_support,neutral,delivery,positive
absa_00450,"The HealthPlus has refund that is positive, while the pricing experience is neutral.",refund,positive,pricing,neutral
absa_00451,"The RideGo has customer_support that is negative, while the availability experience is positive.",customer_support,negative,availability,positive
absa_00452,"The SwiftBank Mobile has delivery that is neutral, while the availability experience is negative.",delivery,neutral,availability,negative
absa_00453,"The CloudDesk has product_quality that is negative, while the customer_support experience is negative.",product_quality,negative,customer_support,negative
absa_00454,"The QuickCash Wallet has usability that is positive, while the performance experience is negative.",usability,positive,performance,negative
absa_00455,"The FreshMart has customer_support that is negative, while the product_quality experience is neutral.",customer_support,negative,product_quality,neutral
absa_00456,"The RideGo has usability that is neutral, while the refund experience is neutral.",usability,neutral,refund,neutral
absa_00457,"The PayWave Mobile App has security that is neutral, while the product_quality experience is negative.",security,neutral,product_quality,negative
absa_00458,"The HealthPlus has usability that is positive, while the security experience is negative.",usability,positive,security,negative
absa_00459,"The RideGo has payment that is positive, while the delivery experience is neutral.",payment,positive,delivery,neutral
absa_00460,"The StreamBox has customer_support that is neutral, while the performance experience is neutral.",customer_support,neutral,performance,neutral
absa_00461,"The StreamBox has security that is positive, while the delivery experience is negative.",security,positive,delivery,negative
absa_00462,"The StreamBox has customer_support that is positive, while the pricing experience is positive.",customer_support,positive,pricing,positive
absa_00463,"The RideGo has product_quality that is positive, while the delivery experience is negative.",product_quality,positive,delivery,negative
absa_00464,"The StreamBox has product_quality that is neutral, while the usability experience is positive.",product_quality,neutral,usability,positive
absa_00465,"The StreamBox has refund that is positive, while the usability experience is negative.",refund,positive,usability,negative
absa_00466,"The PayWave Mobile App has product_quality that is positive, while the security experience is positive.",product_quality,positive,security,positive
absa_00467,"The ShopNow has performance that is negative, while the product_quality experience is negative.",performance,negative,product_quality,negative
absa_00468,"The LearnHub has refund that is negative, while the delivery experience is neutral.",refund,negative,delivery,neutral
absa_00469,"The CloudDesk has performance that is neutral, while the product_quality experience is negative.",performance,neutral,product_quality,negative
absa_00470,"The HealthPlus has performance that is positive, while the customer_support experience is neutral.",performance,positive,customer_support,neutral
absa_00471,"The PayWave Mobile App has refund that is positive, while the performance experience is neutral.",refund,positive,performance,neutral
absa_00472,"The LearnHub has pricing that is neutral, while the availability experience is positive.",pricing,neutral,availability,positive
absa_00473,"The PayWave Mobile App has security that is neutral, while the usability experience is positive.",security,neutral,usability,positive
absa_00474,"The FreshMart has security that is negative, while the customer_support experience is positive.",security,negative,customer_support,positive
absa_00475,"The HealthPlus has pricing that is neutral, while the availability experience is negative.",pricing,neutral,availability,negative
absa_00476,"The ShopNow has refund that is negative, while the pricing experience is neutral.",refund,negative,pricing,neutral
absa_00477,"The PayWave Mobile App has delivery that is neutral, while the customer_support experience is neutral.",delivery,neutral,customer_support,neutral
absa_00478,"The LearnHub has customer_support that is negative, while the performance experience is positive.",customer_support,negative,performance,positive
absa_00479,"The LearnHub has refund that is positive, while the product_quality experience is positive.",refund,positive,product_quality,positive
absa_00480,"The StreamBox has availability that is neutral, while the security experience is negative.",availability,neutral,security,negative
absa_00481,"The LearnHub has product_quality that is neutral, while the availability experience is negative.",product_quality,neutral,availability,negative
absa_00482,"The PayWave Mobile App has product_quality that is neutral, while the pricing experience is positive.",product_quality,neutral,pricing,positive
absa_00483,"The FreshMart has product_quality that is positive, while the customer_support experience is neutral.",product_quality,positive,customer_support,neutral
absa_00484,"The FreshMart has payment that is neutral, while the performance experience is positive.",payment,neutral,performance,positive
absa_00485,"The SwiftBank Mobile has pricing that is neutral, while the customer_support experience is negative.",pricing,neutral,customer_support,negative
absa_00486,"The StreamBox has pricing that is neutral, while the security experience is negative.",pricing,neutral,security,negative
absa_00487,"The StreamBox has performance that is neutral, while the payment experience is neutral.",performance,neutral,payment,neutral
absa_00488,"The QuickCash Wallet has availability that is neutral, while the security experience is negative.",availability,neutral,security,negative
absa_00489,"The StreamBox has product_quality that is negative, while the delivery experience is neutral.",product_quality,negative,delivery,neutral
absa_00490,"The PayWave Mobile App has delivery that is positive, while the payment experience is negative.",delivery,positive,payment,negative
absa_00491,"The CloudDesk has delivery that is neutral, while the performance experience is neutral.",delivery,neutral,performance,neutral
absa_00492,"The StreamBox has refund that is negative, while the payment experience is positive.",refund,negative,payment,positive
absa_00493,"The LearnHub has pricing that is positive, while the usability experience is neutral.",pricing,positive,usability,neutral
absa_00494,"The ShopNow has refund that is negative, while the customer_support experience is positive.",refund,negative,customer_support,positive
absa_00495,"The LearnHub has availability that is positive, while the pricing experience is positive.",availability,positive,pricing,positive
absa_00496,"The QuickCash Wallet has security that is neutral, while the product_quality experience is positive.",security,neutral,product_quality,positive
absa_00497,"The ShopNow has payment that is negative, while the customer_support experience is neutral.",payment,negative,customer_support,neutral
absa_00498,"The ShopNow has security that is negative, while the delivery experience is neutral.",security,negative,delivery,neutral
absa_00499,"The StreamBox has product_quality that is negative, while the delivery experience is neutral.",product_quality,negative,delivery,neutral
absa_00500,"The PayWave Mobile App has refund that is positive, while the performance experience is negative.",refund,positive,performance,negative
absa_00501,"The ShopNow has customer_support that is neutral, while the performance experience is negative.",customer_support,neutral,performance,negative
absa_00502,"The HealthPlus has usability that is positive, while the product_quality experience is neutral.",usability,positive,product_quality,neutral
absa_00503,"The FreshMart has product_quality that is neutral, while the customer_support experience is negative.",product_quality,neutral,customer_support,negative
absa_00504,"The QuickCash Wallet has payment that is neutral, while the customer_support experience is negative.",payment,neutral,customer_support,negative
absa_00505,"The CloudDesk has payment that is negative, while the pricing experience is neutral.",payment,negative,pricing,neutral
absa_00506,"The SwiftBank Mobile has security that is positive, while the customer_support experience is negative.",security,positive,customer_support,negative
absa_00507,"The LearnHub has security that is neutral, while the delivery experience is negative.",security,neutral,delivery,negative
absa_00508,"The PayWave Mobile App has product_quality that is neutral, while the availability experience is neutral.",product_quality,neutral,availability,neutral
absa_00509,"The PayWave Mobile App has refund that is negative, while the availability experience is negative.",refund,negative,availability,negative
absa_00510,"The FreshMart has delivery that is positive, while the payment experience is neutral.",delivery,positive,payment,neutral
absa_00511,"The SwiftBank Mobile has product_quality that is neutral, while the security experience is negative.",product_quality,neutral,security,negative
absa_00512,"The StreamBox has product_quality that is neutral, while the security experience is neutral.",product_quality,neutral,security,neutral
absa_00513,"The SwiftBank Mobile has availability that is negative, while the refund experience is negative.",availability,negative,refund,negative
absa_00514,"The QuickCash Wallet has customer_support that is neutral, while the refund experience is neutral.",customer_support,neutral,refund,neutral
absa_00515,"The RideGo has refund that is neutral, while the product_quality experience is neutral.",refund,neutral,product_quality,neutral
absa_00516,"The PayWave Mobile App has product_quality that is negative, while the pricing experience is negative.",product_quality,negative,pricing,negative
absa_00517,"The LearnHub has security that is neutral, while the payment experience is negative.",security,neutral,payment,negative
absa_00518,"The ShopNow has payment that is positive, while the pricing experience is positive.",payment,positive,pricing,positive
absa_00519,"The RideGo has customer_support that is positive, while the availability experience is negative.",customer_support,positive,availability,negative
absa_00520,"The PayWave Mobile App has availability that is neutral, while the refund experience is negative.",availability,neutral,refund,negative
absa_00521,"The QuickCash Wallet has pricing that is positive, while the availability experience is neutral.",pricing,positive,availability,neutral
absa_00522,"The CloudDesk has product_quality that is neutral, while the availability experience is negative.",product_quality,neutral,availability,negative
absa_00523,"The HealthPlus has delivery that is positive, while the availability experience is neutral.",delivery,positive,availability,neutral
absa_00524,"The PayWave Mobile App has payment that is positive, while the security experience is negative.",payment,positive,security,negative
absa_00525,"The HealthPlus has refund that is neutral, while the product_quality experience is neutral.",refund,neutral,product_quality,neutral
absa_00526,"The ShopNow has payment that is negative, while the pricing experience is negative.",payment,negative,pricing,negative
absa_00527,"The StreamBox has usability that is negative, while the payment experience is negative.",usability,negative,payment,negative
absa_00528,"The FreshMart has usability that is positive, while the payment experience is negative.",usability,positive,payment,negative
absa_00529,"The PayWave Mobile App has customer_support that is positive, while the availability experience is neutral.",customer_support,positive,availability,neutral
absa_00530,"The RideGo has refund that is positive, while the pricing experience is negative.",refund,positive,pricing,negative
absa_00531,"The SwiftBank Mobile has pricing that is positive, while the performance experience is positive.",pricing,positive,performance,positive
absa_00532,"The ShopNow has customer_support that is positive, while the performance experience is neutral.",customer_support,positive,performance,neutral
absa_00533,"The LearnHub has availability that is negative, while the usability experience is positive.",availability,negative,usability,positive
absa_00534,"The StreamBox has refund that is positive, while the payment experience is negative.",refund,positive,payment,negative
absa_00535,"The SwiftBank Mobile has delivery that is negative, while the pricing experience is negative.",delivery,negative,pricing,negative
absa_00536,"The QuickCash Wallet has customer_support that is positive, while the availability experience is positive.",customer_support,positive,availability,positive
absa_00537,"The StreamBox has pricing that is neutral, while the product_quality experience is neutral.",pricing,neutral,product_quality,neutral
absa_00538,"The ShopNow has availability that is positive, while the delivery experience is positive.",availability,positive,delivery,positive
absa_00539,"The FreshMart has security that is negative, while the customer_support experience is positive.",security,negative,customer_support,positive
absa_00540,"The RideGo has performance that is neutral, while the product_quality experience is neutral.",performance,neutral,product_quality,neutral
absa_00541,"The CloudDesk has availability that is positive, while the payment experience is negative.",availability,positive,payment,negative
absa_00542,"The PayWave Mobile App has refund that is positive, while the product_quality experience is positive.",refund,positive,product_quality,positive
absa_00543,"The ShopNow has performance that is negative, while the availability experience is negative.",performance,negative,availability,negative
absa_00544,"The CloudDesk has refund that is negative, while the payment experience is positive.",refund,negative,payment,positive
absa_00545,"The PayWave Mobile App has performance that is negative, while the usability experience is positive.",performance,negative,usability,positive
absa_00546,"The RideGo has delivery that is neutral, while the product_quality experience is neutral.",delivery,neutral,product_quality,neutral
absa_00547,"The HealthPlus has payment that is neutral, while the security experience is negative.",payment,neutral,security,negative
absa_00548,"The LearnHub has security that is neutral, while the pricing experience is neutral.",security,neutral,pricing,neutral
absa_00549,"The RideGo has delivery that is negative, while the security experience is positive.",delivery,negative,security,positive
absa_00550,"The PayWave Mobile App has customer_support that is positive, while the pricing experience is negative.",customer_support,positive,pricing,negative
absa_00551,"The CloudDesk has product_quality that is negative, while the performance experience is negative.",product_quality,negative,performance,negative
absa_00552,"The LearnHub has availability that is positive, while the security experience is negative.",availability,positive,security,negative
absa_00553,"The SwiftBank Mobile has usability that is negative, while the performance experience is positive.",usability,negative,performance,positive
absa_00554,"The HealthPlus has security that is negative, while the customer_support experience is neutral.",security,negative,customer_support,neutral
absa_00555,"The CloudDesk has security that is neutral, while the delivery experience is positive.",security,neutral,delivery,positive
absa_00556,"The RideGo has product_quality that is positive, while the customer_support experience is positive.",product_quality,positive,customer_support,positive
absa_00557,"The HealthPlus has refund that is positive, while the customer_support experience is positive.",refund,positive,customer_support,positive
absa_00558,"The RideGo has performance that is neutral, while the payment experience is neutral.",performance,neutral,payment,neutral
absa_00559,"The StreamBox has refund that is neutral, while the pricing experience is neutral.",refund,neutral,pricing,neutral
absa_00560,"The CloudDesk has payment that is neutral, while the usability experience is positive.",payment,neutral,usability,positive
absa_00561,"The ShopNow has availability that is neutral, while the delivery experience is negative.",availability,neutral,delivery,negative
absa_00562,"The CloudDesk has customer_support that is positive, while the delivery experience is positive.",customer_support,positive,delivery,positive
absa_00563,"The StreamBox has product_quality that is neutral, while the security experience is neutral.",product_quality,neutral,security,neutral
absa_00564,"The StreamBox has product_quality that is neutral, while the performance experience is neutral.",product_quality,neutral,performance,neutral
absa_00565,"The LearnHub has delivery that is negative, while the pricing experience is positive.",delivery,negative,pricing,positive
absa_00566,"The HealthPlus has product_quality that is neutral, while the pricing experience is neutral.",product_quality,neutral,pricing,neutral
absa_00567,"The StreamBox has pricing that is neutral, while the availability experience is negative.",pricing,neutral,availability,negative
absa_00568,"The SwiftBank Mobile has payment that is neutral, while the security experience is positive.",payment,neutral,security,positive
absa_00569,"The HealthPlus has payment that is neutral, while the delivery experience is negative.",payment,neutral,delivery,negative
absa_00570,"The QuickCash Wallet has security that is negative, while the product_quality experience is negative.",security,negative,product_quality,negative
absa_00571,"The StreamBox has pricing that is negative, while the security experience is neutral.",pricing,negative,security,neutral
absa_00572,"The CloudDesk has product_quality that is neutral, while the security experience is neutral.",product_quality,neutral,security,neutral
absa_00573,"The QuickCash Wallet has refund that is positive, while the product_quality experience is positive.",refund,positive,product_quality,positive
absa_00574,"The LearnHub has refund that is neutral, while the payment experience is neutral.",refund,neutral,payment,neutral
absa_00575,"The SwiftBank Mobile has availability that is positive, while the customer_support experience is negative.",availability,positive,customer_support,negative
absa_00576,"The LearnHub has customer_support that is negative, while the refund experience is neutral.",customer_support,negative,refund,neutral
absa_00577,"The QuickCash Wallet has payment that is positive, while the security experience is negative.",payment,positive,security,negative
absa_00578,"The LearnHub has refund that is negative, while the product_quality experience is negative.",refund,negative,product_quality,negative
absa_00579,"The SwiftBank Mobile has refund that is negative, while the security experience is negative.",refund,negative,security,negative
absa_00580,"The CloudDesk has refund that is positive, while the performance experience is negative.",refund,positive,performance,negative
absa_00581,"The StreamBox has refund that is neutral, while the delivery experience is neutral.",refund,neutral,delivery,neutral
absa_00582,"The RideGo has usability that is neutral, while the performance experience is negative.",usability,neutral,performance,negative
absa_00583,"The FreshMart has refund that is negative, while the availability experience is negative.",refund,negative,availability,negative
absa_00584,"The RideGo has payment that is positive, while the delivery experience is negative.",payment,positive,delivery,negative
absa_00585,"The ShopNow has usability that is neutral, while the performance experience is neutral.",usability,neutral,performance,neutral
absa_00586,"The SwiftBank Mobile has delivery that is positive, while the payment experience is neutral.",delivery,positive,payment,neutral
absa_00587,"The ShopNow has customer_support that is positive, while the delivery experience is negative.",customer_support,positive,delivery,negative
absa_00588,"The PayWave Mobile App has refund that is positive, while the product_quality experience is positive.",refund,positive,product_quality,positive
absa_00589,"The StreamBox has usability that is neutral, while the refund experience is positive.",usability,neutral,refund,positive
absa_00590,"The PayWave Mobile App has availability that is positive, while the payment experience is negative.",availability,positive,payment,negative
absa_00591,"The HealthPlus has security that is neutral, while the usability experience is neutral.",security,neutral,usability,neutral
absa_00592,"The LearnHub has delivery that is positive, while the payment experience is neutral.",delivery,positive,payment,neutral
absa_00593,"The StreamBox has pricing that is neutral, while the performance experience is neutral.",pricing,neutral,performance,neutral
absa_00594,"The FreshMart has performance that is negative, while the delivery experience is negative.",performance,negative,delivery,negative
absa_00595,"The PayWave Mobile App has product_quality that is negative, while the security experience is negative.",product_quality,negative,security,negative
absa_00596,"The StreamBox has usability that is neutral, while the refund experience is negative.",usability,neutral,refund,negative
absa_00597,"The QuickCash Wallet has performance that is neutral, while the availability experience is negative.",performance,neutral,availability,negative
absa_00598,"The CloudDesk has delivery that is positive, while the performance experience is neutral.",delivery,positive,performance,neutral
absa_00599,"The HealthPlus has customer_support that is negative, while the product_quality experience is negative.",customer_support,negative,product_quality,negative
absa_00600,"The PayWave Mobile App has usability that is neutral, while the security experience is positive.",usability,neutral,security,positive
absa_00601,"The CloudDesk has payment that is positive, while the pricing experience is positive.",payment,positive,pricing,positive
absa_00602,"The SwiftBank Mobile has usability that is positive, while the payment experience is neutral.",usability,positive,payment,neutral
absa_00603,"The QuickCash Wallet has performance that is negative, while the availability experience is positive.",performance,negative,availability,positive
absa_00604,"The StreamBox has pricing that is positive, while the usability experience is negative.",pricing,positive,usability,negative
absa_00605,"The HealthPlus has delivery that is positive, while the security experience is neutral.",delivery,positive,security,neutral
absa_00606,"The HealthPlus has pricing that is positive, while the availability experience is positive.",pricing,positive,availability,positive
absa_00607,"The PayWave Mobile App has delivery that is negative, while the product_quality experience is negative.",delivery,negative,product_quality,negative
absa_00608,"The SwiftBank Mobile has payment that is positive, while the security experience is positive.",payment,positive,security,positive
absa_00609,"The FreshMart has product_quality that is positive, while the delivery experience is neutral.",product_quality,positive,delivery,neutral
absa_00610,"The SwiftBank Mobile has pricing that is negative, while the payment experience is positive.",pricing,negative,payment,positive
absa_00611,"The QuickCash Wallet has security that is positive, while the pricing experience is neutral.",security,positive,pricing,neutral
absa_00612,"The ShopNow has payment that is negative, while the pricing experience is negative.",payment,negative,pricing,negative
absa_00613,"The SwiftBank Mobile has payment that is positive, while the delivery experience is negative.",payment,positive,delivery,negative
absa_00614,"The ShopNow has availability that is neutral, while the payment experience is neutral.",availability,neutral,payment,neutral
absa_00615,"The StreamBox has product_quality that is negative, while the security experience is negative.",product_quality,negative,security,negative
absa_00616,"The SwiftBank Mobile has availability that is neutral, while the customer_support experience is neutral.",availability,neutral,customer_support,neutral
absa_00617,"The SwiftBank Mobile has product_quality that is negative, while the security experience is neutral.",product_quality,negative,security,neutral
absa_00618,"The FreshMart has availability that is negative, while the pricing experience is neutral.",availability,negative,pricing,neutral
absa_00619,"The RideGo has performance that is negative, while the delivery experience is neutral.",performance,negative,delivery,neutral
absa_00620,"The RideGo has customer_support that is negative, while the product_quality experience is positive.",customer_support,negative,product_quality,positive
absa_00621,"The LearnHub has usability that is negative, while the delivery experience is positive.",usability,negative,delivery,positive
absa_00622,"The ShopNow has pricing that is neutral, while the usability experience is positive.",pricing,neutral,usability,positive
absa_00623,"The SwiftBank Mobile has customer_support that is negative, while the product_quality experience is neutral.",customer_support,negative,product_quality,neutral
absa_00624,"The FreshMart has product_quality that is positive, while the pricing experience is neutral.",product_quality,positive,pricing,neutral
absa_00625,"The LearnHub has performance that is negative, while the availability experience is positive.",performance,negative,availability,positive
absa_00626,"The FreshMart has pricing that is negative, while the payment experience is positive.",pricing,negative,payment,positive
absa_00627,"The QuickCash Wallet has payment that is negative, while the refund experience is neutral.",payment,negative,refund,neutral
absa_00628,"The LearnHub has refund that is negative, while the pricing experience is neutral.",refund,negative,pricing,neutral
absa_00629,"The PayWave Mobile App has performance that is neutral, while the delivery experience is negative.",performance,neutral,delivery,negative
absa_00630,"The FreshMart has security that is neutral, while the payment experience is positive.",security,neutral,payment,positive
absa_00631,"The ShopNow has customer_support that is positive, while the availability experience is negative.",customer_support,positive,availability,negative
absa_00632,"The SwiftBank Mobile has usability that is negative, while the refund experience is negative.",usability,negative,refund,negative
absa_00633,"The RideGo has payment that is neutral, while the usability experience is neutral.",payment,neutral,usability,neutral
absa_00634,"The StreamBox has delivery that is neutral, while the availability experience is negative.",delivery,neutral,availability,negative
absa_00635,"The QuickCash Wallet has product_quality that is positive, while the refund experience is positive.",product_quality,positive,refund,positive
absa_00636,"The RideGo has payment that is neutral, while the refund experience is negative.",payment,neutral,refund,negative
absa_00637,"The StreamBox has refund that is positive, while the product_quality experience is neutral.",refund,positive,product_quality,neutral
absa_00638,"The RideGo has payment that is positive, while the pricing experience is positive.",payment,positive,pricing,positive
absa_00639,"The LearnHub has delivery that is neutral, while the pricing experience is neutral.",delivery,neutral,pricing,neutral
absa_00640,"The QuickCash Wallet has payment that is positive, while the pricing experience is negative.",payment,positive,pricing,negative
absa_00641,"The HealthPlus has delivery that is neutral, while the usability experience is neutral.",delivery,neutral,usability,neutral
absa_00642,"The StreamBox has availability that is negative, while the performance experience is positive.",availability,negative,performance,positive
absa_00643,"The ShopNow has payment that is neutral, while the product_quality experience is negative.",payment,neutral,product_quality,negative
absa_00644,"The LearnHub has usability that is neutral, while the customer_support experience is positive.",usability,neutral,customer_support,positive
absa_00645,"The QuickCash Wallet has customer_support that is positive, while the pricing experience is positive.",customer_support,positive,pricing,positive
absa_00646,"The ShopNow has availability that is negative, while the security experience is neutral.",availability,negative,security,neutral
absa_00647,"The QuickCash Wallet has availability that is positive, while the product_quality experience is neutral.",availability,positive,product_quality,neutral
absa_00648,"The CloudDesk has product_quality that is neutral, while the payment experience is positive.",product_quality,neutral,payment,positive
absa_00649,"The CloudDesk has availability that is positive, while the usability experience is positive.",availability,positive,usability,positive
absa_00650,"The QuickCash Wallet has security that is neutral, while the payment experience is neutral.",security,neutral,payment,neutral
absa_00651,"The CloudDesk has usability that is negative, while the availability experience is positive.",usability,negative,availability,positive
absa_00652,"The RideGo has delivery that is positive, while the product_quality experience is neutral.",delivery,positive,product_quality,neutral
absa_00653,"The LearnHub has delivery that is positive, while the performance experience is positive.",delivery,positive,performance,positive
absa_00654,"The QuickCash Wallet has delivery that is neutral, while the pricing experience is negative.",delivery,neutral,pricing,negative
absa_00655,"The StreamBox has availability that is neutral, while the pricing experience is negative.",availability,neutral,pricing,negative
absa_00656,"The CloudDesk has delivery that is neutral, while the performance experience is neutral.",delivery,neutral,performance,neutral
absa_00657,"The ShopNow has delivery that is positive, while the payment experience is negative.",delivery,positive,payment,negative
absa_00658,"The CloudDesk has product_quality that is neutral, while the security experience is negative.",product_quality,neutral,security,negative
absa_00659,"The SwiftBank Mobile has performance that is neutral, while the security experience is neutral.",performance,neutral,security,neutral
absa_00660,"The SwiftBank Mobile has payment that is neutral, while the refund experience is negative.",payment,neutral,refund,negative
absa_00661,"The ShopNow has payment that is negative, while the security experience is negative.",payment,negative,security,negative
absa_00662,"The PayWave Mobile App has pricing that is positive, while the availability experience is positive.",pricing,positive,availability,positive
absa_00663,"The StreamBox has performance that is negative, while the delivery experience is positive.",performance,negative,delivery,positive
absa_00664,"The StreamBox has product_quality that is neutral, while the payment experience is negative.",product_quality,neutral,payment,negative
absa_00665,"The LearnHub has delivery that is neutral, while the payment experience is negative.",delivery,neutral,payment,negative
absa_00666,"The PayWave Mobile App has refund that is positive, while the product_quality experience is negative.",refund,positive,product_quality,negative
absa_00667,"The PayWave Mobile App has security that is negative, while the availability experience is negative.",security,negative,availability,negative
absa_00668,"The RideGo has usability that is negative, while the refund experience is neutral.",usability,negative,refund,neutral
absa_00669,"The LearnHub has product_quality that is neutral, while the refund experience is neutral.",product_quality,neutral,refund,neutral
absa_00670,"The LearnHub has pricing that is negative, while the product_quality experience is neutral.",pricing,negative,product_quality,neutral
absa_00671,"The PayWave Mobile App has payment that is neutral, while the pricing experience is positive.",payment,neutral,pricing,positive
absa_00672,"The ShopNow has product_quality that is negative, while the security experience is positive.",product_quality,negative,security,positive
absa_00673,"The SwiftBank Mobile has customer_support that is positive, while the refund experience is positive.",customer_support,positive,refund,positive
absa_00674,"The RideGo has product_quality that is positive, while the usability experience is positive.",product_quality,positive,usability,positive
absa_00675,"The CloudDesk has refund that is positive, while the pricing experience is neutral.",refund,positive,pricing,neutral
absa_00676,"The LearnHub has security that is positive, while the product_quality experience is negative.",security,positive,product_quality,negative
absa_00677,"The FreshMart has delivery that is neutral, while the pricing experience is neutral.",delivery,neutral,pricing,neutral
absa_00678,"The RideGo has payment that is negative, while the pricing experience is positive.",payment,negative,pricing,positive
absa_00679,"The SwiftBank Mobile has delivery that is negative, while the availability experience is positive.",delivery,negative,availability,positive
absa_00680,"The StreamBox has refund that is negative, while the usability experience is positive.",refund,negative,usability,positive
absa_00681,"The RideGo has refund that is positive, while the security experience is positive.",refund,positive,security,positive
absa_00682,"The QuickCash Wallet has product_quality that is negative, while the pricing experience is neutral.",product_quality,negative,pricing,neutral
absa_00683,"The FreshMart has customer_support that is negative, while the performance experience is positive.",customer_support,negative,performance,positive
absa_00684,"The FreshMart has refund that is positive, while the delivery experience is neutral.",refund,positive,delivery,neutral
absa_00685,"The QuickCash Wallet has pricing that is positive, while the availability experience is positive.",pricing,positive,availability,positive
absa_00686,"The QuickCash Wallet has product_quality that is neutral, while the performance experience is positive.",product_quality,neutral,performance,positive
absa_00687,"The HealthPlus has refund that is neutral, while the payment experience is neutral.",refund,neutral,payment,neutral
absa_00688,"The CloudDesk has availability that is negative, while the refund experience is negative.",availability,negative,refund,negative
absa_00689,"The HealthPlus has refund that is positive, while the payment experience is negative.",refund,positive,payment,negative
absa_00690,"The CloudDesk has performance that is neutral, while the availability experience is positive.",performance,neutral,availability,positive
absa_00691,"The FreshMart has customer_support that is positive, while the security experience is negative.",customer_support,positive,security,negative
absa_00692,"The HealthPlus has usability that is neutral, while the availability experience is negative.",usability,neutral,availability,negative
absa_00693,"The HealthPlus has usability that is neutral, while the availability experience is negative.",usability,neutral,availability,negative
absa_00694,"The FreshMart has customer_support that is negative, while the pricing experience is neutral.",customer_support,negative,pricing,neutral
absa_00695,"The QuickCash Wallet has performance that is negative, while the pricing experience is negative.",performance,negative,pricing,negative
absa_00696,"The StreamBox has security that is negative, while the pricing experience is negative.",security,negative,pricing,negative
absa_00697,"The HealthPlus has refund that is negative, while the usability experience is neutral.",refund,negative,usability,neutral
absa_00698,"The HealthPlus has customer_support that is negative, while the usability experience is neutral.",customer_support,negative,usability,neutral
absa_00699,"The HealthPlus has performance that is neutral, while the payment experience is positive.",performance,neutral,payment,positive
absa_00700,"The LearnHub has customer_support that is negative, while the availability experience is negative.",customer_support,negative,availability,negative
absa_00701,"The ShopNow has refund that is negative, while the pricing experience is negative.",refund,negative,pricing,negative
absa_00702,"The RideGo has security that is positive, while the pricing experience is neutral.",security,positive,pricing,neutral
absa_00703,"The QuickCash Wallet has security that is negative, while the performance experience is positive.",security,negative,performance,positive
absa_00704,"The QuickCash Wallet has security that is positive, while the payment experience is neutral.",security,positive,payment,neutral
absa_00705,"The RideGo has usability that is negative, while the refund experience is positive.",usability,negative,refund,positive
absa_00706,"The LearnHub has payment that is neutral, while the security experience is neutral.",payment,neutral,security,neutral
absa_00707,"The CloudDesk has delivery that is positive, while the refund experience is neutral.",delivery,positive,refund,neutral
absa_00708,"The LearnHub has pricing that is negative, while the usability experience is positive.",pricing,negative,usability,positive
absa_00709,"The FreshMart has pricing that is negative, while the usability experience is neutral.",pricing,negative,usability,neutral
absa_00710,"The QuickCash Wallet has availability that is positive, while the pricing experience is negative.",availability,positive,pricing,negative
absa_00711,"The LearnHub has delivery that is positive, while the availability experience is positive.",delivery,positive,availability,positive
absa_00712,"The QuickCash Wallet has pricing that is neutral, while the product_quality experience is negative.",pricing,neutral,product_quality,negative
absa_00713,"The PayWave Mobile App has performance that is positive, while the customer_support experience is positive.",performance,positive,customer_support,positive
absa_00714,"The StreamBox has usability that is positive, while the payment experience is neutral.",usability,positive,payment,neutral
absa_00715,"The RideGo has product_quality that is negative, while the security experience is neutral.",product_quality,negative,security,neutral
absa_00716,"The ShopNow has security that is negative, while the performance experience is negative.",security,negative,performance,negative
absa_00717,"The StreamBox has availability that is neutral, while the refund experience is positive.",availability,neutral,refund,positive
absa_00718,"The FreshMart has delivery that is negative, while the availability experience is negative.",delivery,negative,availability,negative
absa_00719,"The RideGo has refund that is positive, while the availability experience is neutral.",refund,positive,availability,neutral
absa_00720,"The LearnHub has customer_support that is positive, while the performance experience is positive.",customer_support,positive,performance,positive
absa_00721,"The HealthPlus has product_quality that is neutral, while the performance experience is negative.",product_quality,neutral,performance,negative
absa_00722,"The SwiftBank Mobile has availability that is negative, while the product_quality experience is positive.",availability,negative,product_quality,positive
absa_00723,"The ShopNow has security that is neutral, while the usability experience is positive.",security,neutral,usability,positive
absa_00724,"The ShopNow has refund that is neutral, while the security experience is positive.",refund,neutral,security,positive
absa_00725,"The LearnHub has pricing that is neutral, while the performance experience is positive.",pricing,neutral,performance,positive
absa_00726,"The FreshMart has usability that is negative, while the security experience is positive.",usability,negative,security,positive
absa_00727,"The StreamBox has delivery that is positive, while the performance experience is negative.",delivery,positive,performance,negative
absa_00728,"The ShopNow has refund that is negative, while the security experience is neutral.",refund,negative,security,neutral
absa_00729,"The RideGo has pricing that is neutral, while the refund experience is negative.",pricing,neutral,refund,negative
absa_00730,"The CloudDesk has performance that is positive, while the pricing experience is negative.",performance,positive,pricing,negative
absa_00731,"The RideGo has availability that is negative, while the product_quality experience is positive.",availability,negative,product_quality,positive
absa_00732,"The RideGo has customer_support that is negative, while the performance experience is positive.",customer_support,negative,performance,positive
absa_00733,"The HealthPlus has performance that is negative, while the payment experience is negative.",performance,negative,payment,negative
absa_00734,"The PayWave Mobile App has payment that is positive, while the pricing experience is neutral.",payment,positive,pricing,neutral
absa_00735,"The FreshMart has payment that is neutral, while the availability experience is positive.",payment,neutral,availability,positive
absa_00736,"The FreshMart has availability that is neutral, while the customer_support experience is neutral.",availability,neutral,customer_support,neutral
absa_00737,"The HealthPlus has payment that is negative, while the availability experience is negative.",payment,negative,availability,negative
absa_00738,"The RideGo has payment that is neutral, while the performance experience is positive.",payment,neutral,performance,positive
absa_00739,"The StreamBox has customer_support that is negative, while the pricing experience is negative.",customer_support,negative,pricing,negative
absa_00740,"The StreamBox has product_quality that is negative, while the performance experience is positive.",product_quality,negative,performance,positive
absa_00741,"The LearnHub has security that is neutral, while the availability experience is positive.",security,neutral,availability,positive
absa_00742,"The HealthPlus has customer_support that is neutral, while the delivery experience is positive.",customer_support,neutral,delivery,positive
absa_00743,"The CloudDesk has availability that is negative, while the payment experience is positive.",availability,negative,payment,positive
absa_00744,"The QuickCash Wallet has delivery that is negative, while the refund experience is neutral.",delivery,negative,refund,neutral
absa_00745,"The LearnHub has customer_support that is neutral, while the performance experience is positive.",customer_support,neutral,performance,positive
absa_00746,"The ShopNow has performance that is positive, while the security experience is positive.",performance,positive,security,positive
absa_00747,"The QuickCash Wallet has availability that is negative, while the payment experience is positive.",availability,negative,payment,positive
absa_00748,"The StreamBox has customer_support that is positive, while the payment experience is positive.",customer_support,positive,payment,positive
absa_00749,"The RideGo has delivery that is neutral, while the payment experience is neutral.",delivery,neutral,payment,neutral
absa_00750,"The RideGo has refund that is positive, while the product_quality experience is positive.",refund,positive,product_quality,positive
absa_00751,"The QuickCash Wallet has refund that is negative, while the customer_support experience is neutral.",refund,negative,customer_support,neutral
absa_00752,"The StreamBox has product_quality that is neutral, while the pricing experience is negative.",product_quality,neutral,pricing,negative
absa_00753,"The RideGo has usability that is positive, while the pricing experience is negative.",usability,positive,pricing,negative
absa_00754,"The ShopNow has usability that is negative, while the product_quality experience is negative.",usability,negative,product_quality,negative
absa_00755,"The HealthPlus has delivery that is positive, while the performance experience is negative.",delivery,positive,performance,negative
absa_00756,"The ShopNow has payment that is negative, while the customer_support experience is neutral.",payment,negative,customer_support,neutral
absa_00757,"The QuickCash Wallet has delivery that is positive, while the product_quality experience is positive.",delivery,positive,product_quality,positive
absa_00758,"The FreshMart has payment that is positive, while the security experience is neutral.",payment,positive,security,neutral
absa_00759,"The FreshMart has performance that is negative, while the product_quality experience is positive.",performance,negative,product_quality,positive
absa_00760,"The StreamBox has payment that is positive, while the customer_support experience is negative.",payment,positive,customer_support,negative
absa_00761,"The ShopNow has customer_support that is neutral, while the performance experience is negative.",customer_support,neutral,performance,negative
absa_00762,"The FreshMart has product_quality that is neutral, while the availability experience is negative.",product_quality,neutral,availability,negative
absa_00763,"The RideGo has performance that is positive, while the usability experience is negative.",performance,positive,usability,negative
absa_00764,"The HealthPlus has customer_support that is neutral, while the usability experience is negative.",customer_support,neutral,usability,negative
absa_00765,"The StreamBox has product_quality that is positive, while the customer_support experience is positive.",product_quality,positive,customer_support,positive
absa_00766,"The PayWave Mobile App has refund that is neutral, while the delivery experience is negative.",refund,neutral,delivery,negative
absa_00767,"The LearnHub has payment that is positive, while the refund experience is neutral.",payment,positive,refund,neutral
absa_00768,"The LearnHub has delivery that is neutral, while the product_quality experience is positive.",delivery,neutral,product_quality,positive
absa_00769,"The LearnHub has refund that is negative, while the delivery experience is negative.",refund,negative,delivery,negative
absa_00770,"The CloudDesk has usability that is positive, while the product_quality experience is neutral.",usability,positive,product_quality,neutral
absa_00771,"The HealthPlus has performance that is negative, while the product_quality experience is negative.",performance,negative,product_quality,negative
absa_00772,"The ShopNow has usability that is neutral, while the customer_support experience is negative.",usability,neutral,customer_support,negative
absa_00773,"The PayWave Mobile App has usability that is negative, while the payment experience is positive.",usability,negative,payment,positive
absa_00774,"The PayWave Mobile App has customer_support that is neutral, while the pricing experience is neutral.",customer_support,neutral,pricing,neutral
absa_00775,"The RideGo has pricing that is neutral, while the product_quality experience is negative.",pricing,neutral,product_quality,negative
absa_00776,"The RideGo has delivery that is negative, while the performance experience is negative.",delivery,negative,performance,negative
absa_00777,"The StreamBox has pricing that is negative, while the security experience is neutral.",pricing,negative,security,neutral
absa_00778,"The StreamBox has security that is positive, while the delivery experience is neutral.",security,positive,delivery,neutral
absa_00779,"The PayWave Mobile App has performance that is negative, while the delivery experience is neutral.",performance,negative,delivery,neutral
absa_00780,"The HealthPlus has pricing that is negative, while the refund experience is positive.",pricing,negative,refund,positive
absa_00781,"The ShopNow has payment that is negative, while the pricing experience is neutral.",payment,negative,pricing,neutral
absa_00782,"The LearnHub has refund that is positive, while the performance experience is positive.",refund,positive,performance,positive
absa_00783,"The FreshMart has refund that is neutral, while the usability experience is positive.",refund,neutral,usability,positive
absa_00784,"The QuickCash Wallet has product_quality that is neutral, while the usability experience is positive.",product_quality,neutral,usability,positive
absa_00785,"The PayWave Mobile App has usability that is negative, while the performance experience is positive.",usability,negative,performance,positive
absa_00786,"The ShopNow has security that is neutral, while the payment experience is neutral.",security,neutral,payment,neutral
absa_00787,"The RideGo has product_quality that is neutral, while the delivery experience is neutral.",product_quality,neutral,delivery,neutral
absa_00788,"The LearnHub has usability that is neutral, while the availability experience is negative.",usability,neutral,availability,negative
absa_00789,"The FreshMart has performance that is positive, while the security experience is neutral.",performance,positive,security,neutral
absa_00790,"The SwiftBank Mobile has delivery that is neutral, while the usability experience is neutral.",delivery,neutral,usability,neutral
absa_00791,"The QuickCash Wallet has pricing that is neutral, while the refund experience is positive.",pricing,neutral,refund,positive
absa_00792,"The FreshMart has delivery that is neutral, while the performance experience is neutral.",delivery,neutral,performance,neutral
absa_00793,"The CloudDesk has payment that is neutral, while the availability experience is negative.",payment,neutral,availability,negative
absa_00794,"The ShopNow has refund that is negative, while the performance experience is negative.",refund,negative,performance,negative
absa_00795,"The HealthPlus has performance that is neutral, while the delivery experience is neutral.",performance,neutral,delivery,neutral
absa_00796,"The HealthPlus has pricing that is positive, while the payment experience is positive.",pricing,positive,payment,positive
absa_00797,"The StreamBox has security that is positive, while the availability experience is negative.",security,positive,availability,negative
absa_00798,"The PayWave Mobile App has pricing that is negative, while the usability experience is negative.",pricing,negative,usability,negative
absa_00799,"The HealthPlus has customer_support that is negative, while the usability experience is positive.",customer_support,negative,usability,positive
absa_00800,"The LearnHub has availability that is negative, while the product_quality experience is neutral.",availability,negative,product_quality,neutral
absa_00801,"The FreshMart has availability that is negative, while the pricing experience is negative.",availability,negative,pricing,negative
absa_00802,"The PayWave Mobile App has availability that is negative, while the usability experience is positive.",availability,negative,usability,positive
absa_00803,"The PayWave Mobile App has pricing that is positive, while the payment experience is neutral.",pricing,positive,payment,neutral
absa_00804,"The CloudDesk has availability that is negative, while the refund experience is negative.",availability,negative,refund,negative
absa_00805,"The QuickCash Wallet has payment that is neutral, while the usability experience is negative.",payment,neutral,usability,negative
absa_00806,"The StreamBox has performance that is negative, while the payment experience is positive.",performance,negative,payment,positive
absa_00807,"The HealthPlus has payment that is negative, while the usability experience is positive.",payment,negative,usability,positive
absa_00808,"The ShopNow has customer_support that is negative, while the pricing experience is positive.",customer_support,negative,pricing,positive
absa_00809,"The StreamBox has customer_support that is neutral, while the delivery experience is positive.",customer_support,neutral,delivery,positive
absa_00810,"The SwiftBank Mobile has security that is neutral, while the pricing experience is negative.",security,neutral,pricing,negative
absa_00811,"The HealthPlus has availability that is positive, while the pricing experience is negative.",availability,positive,pricing,negative
absa_00812,"The PayWave Mobile App has usability that is negative, while the availability experience is negative.",usability,negative,availability,negative
absa_00813,"The LearnHub has pricing that is neutral, while the security experience is negative.",pricing,neutral,security,negative
absa_00814,"The RideGo has product_quality that is negative, while the pricing experience is positive.",product_quality,negative,pricing,positive
absa_00815,"The SwiftBank Mobile has product_quality that is negative, while the refund experience is neutral.",product_quality,negative,refund,neutral
absa_00816,"The CloudDesk has payment that is positive, while the pricing experience is neutral.",payment,positive,pricing,neutral
absa_00817,"The CloudDesk has product_quality that is negative, while the security experience is positive.",product_quality,negative,security,positive
absa_00818,"The RideGo has pricing that is negative, while the delivery experience is neutral.",pricing,negative,delivery,neutral
absa_00819,"The SwiftBank Mobile has product_quality that is neutral, while the security experience is negative.",product_quality,neutral,security,negative
absa_00820,"The HealthPlus has performance that is neutral, while the availability experience is negative.",performance,neutral,availability,negative
absa_00821,"The QuickCash Wallet has pricing that is negative, while the performance experience is negative.",pricing,negative,performance,negative
absa_00822,"The RideGo has pricing that is negative, while the product_quality experience is neutral.",pricing,negative,product_quality,neutral
absa_00823,"The SwiftBank Mobile has delivery that is negative, while the customer_support experience is positive.",delivery,negative,customer_support,positive
absa_00824,"The CloudDesk has security that is negative, while the refund experience is negative.",security,negative,refund,negative
absa_00825,"The FreshMart has product_quality that is negative, while the payment experience is positive.",product_quality,negative,payment,positive
absa_00826,"The SwiftBank Mobile has delivery that is negative, while the security experience is negative.",delivery,negative,security,negative
absa_00827,"The QuickCash Wallet has product_quality that is positive, while the delivery experience is positive.",product_quality,positive,delivery,positive
absa_00828,"The QuickCash Wallet has refund that is neutral, while the product_quality experience is negative.",refund,neutral,product_quality,negative
absa_00829,"The StreamBox has customer_support that is neutral, while the delivery experience is positive.",customer_support,neutral,delivery,positive
absa_00830,"The LearnHub has availability that is positive, while the customer_support experience is positive.",availability,positive,customer_support,positive
absa_00831,"The FreshMart has security that is negative, while the availability experience is neutral.",security,negative,availability,neutral
absa_00832,"The CloudDesk has payment that is negative, while the delivery experience is positive.",payment,negative,delivery,positive
absa_00833,"The QuickCash Wallet has usability that is positive, while the delivery experience is negative.",usability,positive,delivery,negative
absa_00834,"The StreamBox has pricing that is positive, while the product_quality experience is positive.",pricing,positive,product_quality,positive
absa_00835,"The SwiftBank Mobile has availability that is neutral, while the payment experience is negative.",availability,neutral,payment,negative
absa_00836,"The HealthPlus has payment that is negative, while the usability experience is positive.",payment,negative,usability,positive
absa_00837,"The HealthPlus has refund that is positive, while the pricing experience is positive.",refund,positive,pricing,positive
absa_00838,"The FreshMart has payment that is positive, while the delivery experience is neutral.",payment,positive,delivery,neutral
absa_00839,"The LearnHub has customer_support that is neutral, while the payment experience is negative.",customer_support,neutral,payment,negative
absa_00840,"The ShopNow has performance that is neutral, while the refund experience is negative.",performance,neutral,refund,negative
absa_00841,"The ShopNow has security that is negative, while the product_quality experience is positive.",security,negative,product_quality,positive
absa_00842,"The PayWave Mobile App has refund that is positive, while the product_quality experience is negative.",refund,positive,product_quality,negative
absa_00843,"The SwiftBank Mobile has pricing that is negative, while the security experience is neutral.",pricing,negative,security,neutral
absa_00844,"The ShopNow has availability that is negative, while the refund experience is positive.",availability,negative,refund,positive
absa_00845,"The RideGo has product_quality that is negative, while the payment experience is positive.",product_quality,negative,payment,positive
absa_00846,"The SwiftBank Mobile has performance that is neutral, while the customer_support experience is neutral.",performance,neutral,customer_support,neutral
absa_00847,"The HealthPlus has pricing that is neutral, while the customer_support experience is negative.",pricing,neutral,customer_support,negative
absa_00848,"The PayWave Mobile App has customer_support that is neutral, while the payment experience is positive.",customer_support,neutral,payment,positive
absa_00849,"The PayWave Mobile App has usability that is positive, while the product_quality experience is positive.",usability,positive,product_quality,positive
absa_00850,"The SwiftBank Mobile has payment that is neutral, while the customer_support experience is neutral.",payment,neutral,customer_support,neutral
absa_00851,"The RideGo has customer_support that is negative, while the security experience is positive.",customer_support,negative,security,positive
absa_00852,"The PayWave Mobile App has usability that is negative, while the payment experience is neutral.",usability,negative,payment,neutral
absa_00853,"The PayWave Mobile App has refund that is negative, while the availability experience is positive.",refund,negative,availability,positive
absa_00854,"The LearnHub has security that is neutral, while the usability experience is neutral.",security,neutral,usability,neutral
absa_00855,"The PayWave Mobile App has availability that is negative, while the usability experience is neutral.",availability,negative,usability,neutral
absa_00856,"The SwiftBank Mobile has customer_support that is positive, while the pricing experience is neutral.",customer_support,positive,pricing,neutral
absa_00857,"The PayWave Mobile App has security that is positive, while the availability experience is negative.",security,positive,availability,negative
absa_00858,"The CloudDesk has payment that is positive, while the pricing experience is neutral.",payment,positive,pricing,neutral
absa_00859,"The StreamBox has security that is positive, while the availability experience is positive.",security,positive,availability,positive
absa_00860,"The RideGo has pricing that is neutral, while the product_quality experience is negative.",pricing,neutral,product_quality,negative
absa_00861,"The PayWave Mobile App has pricing that is negative, while the payment experience is neutral.",pricing,negative,payment,neutral
absa_00862,"The ShopNow has delivery that is neutral, while the refund experience is positive.",delivery,neutral,refund,positive
absa_00863,"The ShopNow has availability that is negative, while the refund experience is negative.",availability,negative,refund,negative
absa_00864,"The QuickCash Wallet has availability that is neutral, while the product_quality experience is negative.",availability,neutral,product_quality,negative
absa_00865,"The ShopNow has availability that is positive, while the pricing experience is positive.",availability,positive,pricing,positive
absa_00866,"The CloudDesk has delivery that is negative, while the product_quality experience is negative.",delivery,negative,product_quality,negative
absa_00867,"The PayWave Mobile App has availability that is neutral, while the payment experience is neutral.",availability,neutral,payment,neutral
absa_00868,"The QuickCash Wallet has product_quality that is neutral, while the refund experience is negative.",product_quality,neutral,refund,negative
absa_00869,"The ShopNow has security that is negative, while the usability experience is neutral.",security,negative,usability,neutral
absa_00870,"The StreamBox has delivery that is positive, while the availability experience is neutral.",delivery,positive,availability,neutral
absa_00871,"The StreamBox has refund that is neutral, while the security experience is neutral.",refund,neutral,security,neutral
absa_00872,"The CloudDesk has product_quality that is neutral, while the performance experience is negative.",product_quality,neutral,performance,negative
absa_00873,"The CloudDesk has availability that is negative, while the product_quality experience is negative.",availability,negative,product_quality,negative
absa_00874,"The HealthPlus has product_quality that is negative, while the usability experience is neutral.",product_quality,negative,usability,neutral
absa_00875,"The FreshMart has performance that is positive, while the delivery experience is negative.",performance,positive,delivery,negative
absa_00876,"The StreamBox has security that is positive, while the payment experience is positive.",security,positive,payment,positive
absa_00877,"The RideGo has delivery that is negative, while the availability experience is negative.",delivery,negative,availability,negative
absa_00878,"The LearnHub has product_quality that is negative, while the delivery experience is positive.",product_quality,negative,delivery,positive
absa_00879,"The FreshMart has payment that is negative, while the product_quality experience is neutral.",payment,negative,product_quality,neutral
absa_00880,"The SwiftBank Mobile has delivery that is neutral, while the product_quality experience is negative.",delivery,neutral,product_quality,negative
absa_00881,"The StreamBox has payment that is positive, while the customer_support experience is neutral.",payment,positive,customer_support,neutral
absa_00882,"The LearnHub has pricing that is neutral, while the customer_support experience is neutral.",pricing,neutral,customer_support,neutral
absa_00883,"The HealthPlus has customer_support that is negative, while the availability experience is positive.",customer_support,negative,availability,positive
absa_00884,"The PayWave Mobile App has usability that is positive, while the delivery experience is neutral.",usability,positive,delivery,neutral
absa_00885,"The RideGo has refund that is positive, while the customer_support experience is neutral.",refund,positive,customer_support,neutral
absa_00886,"The SwiftBank Mobile has security that is negative, while the pricing experience is positive.",security,negative,pricing,positive
absa_00887,"The QuickCash Wallet has product_quality that is neutral, while the customer_support experience is negative.",product_quality,neutral,customer_support,negative
absa_00888,"The LearnHub has usability that is neutral, while the payment experience is neutral.",usability,neutral,payment,neutral
absa_00889,"The LearnHub has product_quality that is neutral, while the availability experience is negative.",product_quality,neutral,availability,negative
absa_00890,"The LearnHub has performance that is negative, while the security experience is positive.",performance,negative,security,positive
absa_00891,"The FreshMart has customer_support that is positive, while the availability experience is negative.",customer_support,positive,availability,negative
absa_00892,"The SwiftBank Mobile has security that is negative, while the availability experience is neutral.",security,negative,availability,neutral
absa_00893,"The StreamBox has refund that is positive, while the performance experience is positive.",refund,positive,performance,positive
absa_00894,"The ShopNow has product_quality that is negative, while the payment experience is negative.",product_quality,negative,payment,negative
absa_00895,"The ShopNow has usability that is negative, while the security experience is neutral.",usability,negative,security,neutral
absa_00896,"The CloudDesk has payment that is neutral, while the refund experience is positive.",payment,neutral,refund,positive
absa_00897,"The CloudDesk has payment that is positive, while the availability experience is negative.",payment,positive,availability,negative
absa_00898,"The ShopNow has availability that is neutral, while the refund experience is neutral.",availability,neutral,refund,neutral
absa_00899,"The ShopNow has payment that is neutral, while the usability experience is positive.",payment,neutral,usability,positive
absa_00900,"The CloudDesk has customer_support that is positive, while the usability experience is neutral.",customer_support,positive,usability,neutral
absa_00901,"The StreamBox has refund that is positive, while the customer_support experience is neutral.",refund,positive,customer_support,neutral
absa_00902,"The FreshMart has pricing that is positive, while the product_quality experience is negative.",pricing,positive,product_quality,negative
absa_00903,"The SwiftBank Mobile has delivery that is positive, while the security experience is negative.",delivery,positive,security,negative
absa_00904,"The QuickCash Wallet has payment that is positive, while the usability experience is neutral.",payment,positive,usability,neutral
absa_00905,"The StreamBox has payment that is negative, while the customer_support experience is positive.",payment,negative,customer_support,positive
absa_00906,"The QuickCash Wallet has payment that is neutral, while the usability experience is negative.",payment,neutral,usability,negative
absa_00907,"The QuickCash Wallet has availability that is negative, while the pricing experience is positive.",availability,negative,pricing,positive
absa_00908,"The RideGo has customer_support that is negative, while the usability experience is neutral.",customer_support,negative,usability,neutral
absa_00909,"The StreamBox has security that is neutral, while the customer_support experience is positive.",security,neutral,customer_support,positive
absa_00910,"The RideGo has usability that is neutral, while the refund experience is positive.",usability,neutral,refund,positive
absa_00911,"The PayWave Mobile App has usability that is negative, while the product_quality experience is neutral.",usability,negative,product_quality,neutral
absa_00912,"The RideGo has customer_support that is negative, while the product_quality experience is negative.",customer_support,negative,product_quality,negative
absa_00913,"The CloudDesk has payment that is positive, while the delivery experience is negative.",payment,positive,delivery,negative
absa_00914,"The FreshMart has security that is negative, while the customer_support experience is neutral.",security,negative,customer_support,neutral
absa_00915,"The CloudDesk has payment that is negative, while the availability experience is negative.",payment,negative,availability,negative
absa_00916,"The QuickCash Wallet has usability that is neutral, while the pricing experience is positive.",usability,neutral,pricing,positive
absa_00917,"The SwiftBank Mobile has payment that is positive, while the delivery experience is neutral.",payment,positive,delivery,neutral
absa_00918,"The ShopNow has refund that is negative, while the usability experience is neutral.",refund,negative,usability,neutral
absa_00919,"The PayWave Mobile App has product_quality that is neutral, while the availability experience is negative.",product_quality,neutral,availability,negative
absa_00920,"The SwiftBank Mobile has refund that is negative, while the usability experience is negative.",refund,negative,usability,negative
absa_00921,"The SwiftBank Mobile has pricing that is positive, while the availability experience is negative.",pricing,positive,availability,negative
absa_00922,"The StreamBox has refund that is neutral, while the product_quality experience is negative.",refund,neutral,product_quality,negative
absa_00923,"The LearnHub has customer_support that is neutral, while the availability experience is neutral.",customer_support,neutral,availability,neutral
absa_00924,"The PayWave Mobile App has pricing that is neutral, while the usability experience is neutral.",pricing,neutral,usability,neutral
absa_00925,"The CloudDesk has performance that is neutral, while the product_quality experience is negative.",performance,neutral,product_quality,negative
absa_00926,"The StreamBox has usability that is neutral, while the delivery experience is negative.",usability,neutral,delivery,negative
absa_00927,"The HealthPlus has delivery that is neutral, while the payment experience is negative.",delivery,neutral,payment,negative
absa_00928,"The FreshMart has product_quality that is neutral, while the delivery experience is neutral.",product_quality,neutral,delivery,neutral
absa_00929,"The QuickCash Wallet has payment that is negative, while the refund experience is positive.",payment,negative,refund,positive
absa_00930,"The SwiftBank Mobile has payment that is neutral, while the performance experience is negative.",payment,neutral,performance,negative
absa_00931,"The LearnHub has product_quality that is neutral, while the usability experience is negative.",product_quality,neutral,usability,negative
absa_00932,"The StreamBox has security that is neutral, while the customer_support experience is negative.",security,neutral,customer_support,negative
absa_00933,"The RideGo has product_quality that is neutral, while the performance experience is positive.",product_quality,neutral,performance,positive
absa_00934,"The StreamBox has delivery that is negative, while the pricing experience is negative.",delivery,negative,pricing,negative
absa_00935,"The CloudDesk has pricing that is positive, while the product_quality experience is positive.",pricing,positive,product_quality,positive
absa_00936,"The FreshMart has refund that is neutral, while the customer_support experience is neutral.",refund,neutral,customer_support,neutral
absa_00937,"The RideGo has refund that is positive, while the customer_support experience is neutral.",refund,positive,customer_support,neutral
absa_00938,"The ShopNow has product_quality that is negative, while the pricing experience is negative.",product_quality,negative,pricing,negative
absa_00939,"The QuickCash Wallet has security that is positive, while the payment experience is positive.",security,positive,payment,positive
absa_00940,"The CloudDesk has refund that is negative, while the delivery experience is neutral.",refund,negative,delivery,neutral
absa_00941,"The PayWave Mobile App has delivery that is negative, while the security experience is positive.",delivery,negative,security,positive
absa_00942,"The CloudDesk has product_quality that is negative, while the usability experience is neutral.",product_quality,negative,usability,neutral
absa_00943,"The CloudDesk has performance that is negative, while the delivery experience is positive.",performance,negative,delivery,positive
absa_00944,"The HealthPlus has payment that is neutral, while the pricing experience is neutral.",payment,neutral,pricing,neutral
absa_00945,"The LearnHub has usability that is neutral, while the refund experience is negative.",usability,neutral,refund,negative
absa_00946,"The SwiftBank Mobile has usability that is positive, while the customer_support experience is positive.",usability,positive,customer_support,positive
absa_00947,"The HealthPlus has product_quality that is positive, while the payment experience is negative.",product_quality,positive,payment,negative
absa_00948,"The SwiftBank Mobile has security that is neutral, while the refund experience is positive.",security,neutral,refund,positive
absa_00949,"The CloudDesk has product_quality that is positive, while the customer_support experience is neutral.",product_quality,positive,customer_support,neutral
absa_00950,"The StreamBox has product_quality that is neutral, while the pricing experience is negative.",product_quality,neutral,pricing,negative
absa_00951,"The SwiftBank Mobile has product_quality that is negative, while the availability experience is neutral.",product_quality,negative,availability,neutral
absa_00952,"The SwiftBank Mobile has product_quality that is negative, while the performance experience is negative.",product_quality,negative,performance,negative
absa_00953,"The CloudDesk has refund that is neutral, while the availability experience is positive.",refund,neutral,availability,positive
absa_00954,"The LearnHub has usability that is negative, while the customer_support experience is negative.",usability,negative,customer_support,negative
absa_00955,"The HealthPlus has product_quality that is negative, while the security experience is positive.",product_quality,negative,security,positive
absa_00956,"The ShopNow has usability that is positive, while the product_quality experience is neutral.",usability,positive,product_quality,neutral
absa_00957,"The LearnHub has payment that is negative, while the delivery experience is neutral.",payment,negative,delivery,neutral
absa_00958,"The StreamBox has usability that is positive, while the pricing experience is negative.",usability,positive,pricing,negative
absa_00959,"The CloudDesk has refund that is neutral, while the usability experience is neutral.",refund,neutral,usability,neutral
absa_00960,"The ShopNow has product_quality that is negative, while the pricing experience is positive.",product_quality,negative,pricing,positive
absa_00961,"The HealthPlus has refund that is negative, while the customer_support experience is neutral.",refund,negative,customer_support,neutral
absa_00962,"The QuickCash Wallet has security that is neutral, while the refund experience is neutral.",security,neutral,refund,neutral
absa_00963,"The PayWave Mobile App has refund that is neutral, while the usability experience is neutral.",refund,neutral,usability,neutral
absa_00964,"The PayWave Mobile App has usability that is negative, while the product_quality experience is neutral.",usability,negative,product_quality,neutral
absa_00965,"The SwiftBank Mobile has product_quality that is neutral, while the delivery experience is neutral.",product_quality,neutral,delivery,neutral
absa_00966,"The QuickCash Wallet has product_quality that is negative, while the payment experience is positive.",product_quality,negative,payment,positive
absa_00967,"The QuickCash Wallet has performance that is neutral, while the customer_support experience is negative.",performance,neutral,customer_support,negative
absa_00968,"The ShopNow has usability that is negative, while the refund experience is positive.",usability,negative,refund,positive
absa_00969,"The PayWave Mobile App has availability that is negative, while the pricing experience is positive.",availability,negative,pricing,positive
absa_00970,"The HealthPlus has security that is positive, while the product_quality experience is negative.",security,positive,product_quality,negative
absa_00971,"The RideGo has security that is positive, while the usability experience is neutral.",security,positive,usability,neutral
absa_00972,"The SwiftBank Mobile has refund that is negative, while the customer_support experience is neutral.",refund,negative,customer_support,neutral
absa_00973,"The PayWave Mobile App has refund that is negative, while the payment experience is positive.",refund,negative,payment,positive
absa_00974,"The QuickCash Wallet has performance that is neutral, while the product_quality experience is neutral.",performance,neutral,product_quality,neutral
absa_00975,"The FreshMart has security that is positive, while the performance experience is negative.",security,positive,performance,negative
absa_00976,"The HealthPlus has security that is negative, while the product_quality experience is negative.",security,negative,product_quality,negative
absa_00977,"The QuickCash Wallet has security that is negative, while the product_quality experience is positive.",security,negative,product_quality,positive
absa_00978,"The SwiftBank Mobile has payment that is positive, while the refund experience is neutral.",payment,positive,refund,neutral
absa_00979,"The FreshMart has delivery that is neutral, while the refund experience is positive.",delivery,neutral,refund,positive
absa_00980,"The RideGo has usability that is neutral, while the customer_support experience is positive.",usability,neutral,customer_support,positive
absa_00981,"The PayWave Mobile App has payment that is positive, while the security experience is negative.",payment,positive,security,negative
absa_00982,"The SwiftBank Mobile has pricing that is negative, while the delivery experience is positive.",pricing,negative,delivery,positive
absa_00983,"The StreamBox has performance that is positive, while the availability experience is positive.",performance,positive,availability,positive
absa_00984,"The SwiftBank Mobile has availability that is negative, while the payment experience is positive.",availability,negative,payment,positive
absa_00985,"The QuickCash Wallet has pricing that is positive, while the performance experience is negative.",pricing,positive,performance,negative
absa_00986,"The LearnHub has performance that is neutral, while the customer_support experience is negative.",performance,neutral,customer_support,negative
absa_00987,"The CloudDesk has security that is neutral, while the pricing experience is negative.",security,neutral,pricing,negative
absa_00988,"The RideGo has payment that is negative, while the usability experience is negative.",payment,negative,usability,negative
absa_00989,"The ShopNow has pricing that is negative, while the usability experience is negative.",pricing,negative,usability,negative
absa_00990,"The SwiftBank Mobile has availability that is neutral, while the refund experience is negative.",availability,neutral,refund,negative
absa_00991,"The FreshMart has performance that is negative, while the usability experience is positive.",performance,negative,usability,positive
absa_00992,"The SwiftBank Mobile has pricing that is negative, while the delivery experience is positive.",pricing,negative,delivery,positive
absa_00993,"The HealthPlus has availability that is neutral, while the customer_support experience is positive.",availability,neutral,customer_support,positive
absa_00994,"The HealthPlus has availability that is negative, while the refund experience is negative.",availability,negative,refund,negative
absa_00995,"The ShopNow has payment that is neutral, while the performance experience is negative.",payment,neutral,performance,negative
absa_00996,"The StreamBox has customer_support that is negative, while the payment experience is negative.",customer_support,negative,payment,negative
absa_00997,"The HealthPlus has refund that is neutral, while the usability experience is positive.",refund,neutral,usability,positive
absa_00998,"The HealthPlus has usability that is neutral, while the pricing experience is negative.",usability,neutral,pricing,negative
absa_00999,"The FreshMart has availability that is positive, while the pricing experience is negative.",availability,positive,pricing,negative
absa_01000,"The StreamBox has delivery that is negative, while the usability experience is negative.",delivery,negative,usability,negative
absa_01001,"The SwiftBank Mobile has availability that is neutral, while the delivery experience is negative.",availability,neutral,delivery,negative
absa_01002,"The LearnHub has usability that is neutral, while the performance experience is neutral.",usability,neutral,performance,neutral
absa_01003,"The RideGo has pricing that is positive, while the refund experience is negative.",pricing,positive,refund,negative
absa_01004,"The CloudDesk has delivery that is positive, while the payment experience is neutral.",delivery,positive,payment,neutral
absa_01005,"The HealthPlus has product_quality that is positive, while the availability experience is negative.",product_quality,positive,availability,negative
absa_01006,"The RideGo has product_quality that is neutral, while the refund experience is neutral.",product_quality,neutral,refund,neutral
absa_01007,"The LearnHub has product_quality that is negative, while the availability experience is positive.",product_quality,negative,availability,positive
absa_01008,"The PayWave Mobile App has payment that is neutral, while the refund experience is neutral.",payment,neutral,refund,neutral
absa_01009,"The HealthPlus has pricing that is neutral, while the product_quality experience is neutral.",pricing,neutral,product_quality,neutral
absa_01010,"The SwiftBank Mobile has usability that is negative, while the performance experience is positive.",usability,negative,performance,positive
absa_01011,"The QuickCash Wallet has pricing that is negative, while the payment experience is negative.",pricing,negative,payment,negative
absa_01012,"The QuickCash Wallet has usability that is neutral, while the pricing experience is positive.",usability,neutral,pricing,positive
absa_01013,"The RideGo has performance that is neutral, while the pricing experience is negative.",performance,neutral,pricing,negative
absa_01014,"The PayWave Mobile App has customer_support that is negative, while the usability experience is negative.",customer_support,negative,usability,negative
absa_01015,"The ShopNow has pricing that is positive, while the availability experience is neutral.",pricing,positive,availability,neutral
absa_01016,"The FreshMart has refund that is neutral, while the pricing experience is negative.",refund,neutral,pricing,negative
absa_01017,"The LearnHub has usability that is negative, while the customer_support experience is negative.",usability,negative,customer_support,negative
absa_01018,"The LearnHub has usability that is neutral, while the delivery experience is negative.",usability,neutral,delivery,negative
absa_01019,"The QuickCash Wallet has security that is neutral, while the product_quality experience is neutral.",security,neutral,product_quality,neutral
absa_01020,"The ShopNow has availability that is neutral, while the refund experience is positive.",availability,neutral,refund,positive
absa_01021,"The ShopNow has pricing that is negative, while the security experience is negative.",pricing,negative,security,negative
absa_01022,"The SwiftBank Mobile has delivery that is negative, while the product_quality experience is neutral.",delivery,negative,product_quality,neutral
absa_01023,"The HealthPlus has product_quality that is positive, while the delivery experience is positive.",product_quality,positive,delivery,positive
absa_01024,"The SwiftBank Mobile has product_quality that is neutral, while the delivery experience is positive.",product_quality,neutral,delivery,positive
absa_01025,"The LearnHub has pricing that is negative, while the product_quality experience is positive.",pricing,negative,product_quality,positive
absa_01026,"The StreamBox has pricing that is negative, while the refund experience is neutral.",pricing,negative,refund,neutral
absa_01027,"The LearnHub has delivery that is negative, while the payment experience is positive.",delivery,negative,payment,positive
absa_01028,"The ShopNow has security that is positive, while the pricing experience is negative.",security,positive,pricing,negative
absa_01029,"The SwiftBank Mobile has availability that is positive, while the security experience is positive.",availability,positive,security,positive
absa_01030,"The CloudDesk has product_quality that is neutral, while the delivery experience is neutral.",product_quality,neutral,delivery,neutral
absa_01031,"The ShopNow has delivery that is neutral, while the usability experience is negative.",delivery,neutral,usability,negative
absa_01032,"The StreamBox has availability that is positive, while the payment experience is positive.",availability,positive,payment,positive
absa_01033,"The FreshMart has payment that is positive, while the pricing experience is neutral.",payment,positive,pricing,neutral
absa_01034,"The SwiftBank Mobile has product_quality that is neutral, while the refund experience is negative.",product_quality,neutral,refund,negative
absa_01035,"The LearnHub has availability that is neutral, while the pricing experience is neutral.",availability,neutral,pricing,neutral
absa_01036,"The StreamBox has security that is neutral, while the delivery experience is negative.",security,neutral,delivery,negative
absa_01037,"The RideGo has pricing that is positive, while the refund experience is negative.",pricing,positive,refund,negative
absa_01038,"The LearnHub has security that is negative, while the refund experience is negative.",security,negative,refund,negative
absa_01039,"The RideGo has availability that is neutral, while the security experience is negative.",availability,neutral,security,negative
absa_01040,"The LearnHub has security that is negative, while the usability experience is neutral.",security,negative,usability,neutral
absa_01041,"The LearnHub has delivery that is negative, while the product_quality experience is positive.",delivery,negative,product_quality,positive
absa_01042,"The LearnHub has product_quality that is neutral, while the usability experience is neutral.",product_quality,neutral,usability,neutral
absa_01043,"The FreshMart has pricing that is neutral, while the customer_support experience is neutral.",pricing,neutral,customer_support,neutral
absa_01044,"The HealthPlus has payment that is negative, while the refund experience is neutral.",payment,negative,refund,neutral
absa_01045,"The SwiftBank Mobile has security that is positive, while the performance experience is negative.",security,positive,performance,negative
absa_01046,"The HealthPlus has refund that is negative, while the product_quality experience is neutral.",refund,negative,product_quality,neutral
absa_01047,"The FreshMart has performance that is negative, while the delivery experience is neutral.",performance,negative,delivery,neutral
absa_01048,"The ShopNow has delivery that is neutral, while the performance experience is negative.",delivery,neutral,performance,negative
absa_01049,"The ShopNow has payment that is positive, while the pricing experience is neutral.",payment,positive,pricing,neutral
absa_01050,"The StreamBox has performance that is neutral, while the availability experience is neutral.",performance,neutral,availability,neutral
absa_01051,"The FreshMart has delivery that is negative, while the availability experience is neutral.",delivery,negative,availability,neutral
absa_01052,"The PayWave Mobile App has security that is positive, while the delivery experience is positive.",security,positive,delivery,positive
absa_01053,"The QuickCash Wallet has product_quality that is neutral, while the customer_support experience is neutral.",product_quality,neutral,customer_support,neutral
absa_01054,"The LearnHub has performance that is neutral, while the payment experience is neutral.",performance,neutral,payment,neutral
absa_01055,"The PayWave Mobile App has payment that is neutral, while the usability experience is positive.",payment,neutral,usability,positive
absa_01056,"The SwiftBank Mobile has payment that is negative, while the delivery experience is neutral.",payment,negative,delivery,neutral
absa_01057,"The QuickCash Wallet has availability that is negative, while the performance experience is positive.",availability,negative,performance,positive
absa_01058,"The QuickCash Wallet has delivery that is neutral, while the usability experience is negative.",delivery,neutral,usability,negative
absa_01059,"The HealthPlus has refund that is neutral, while the availability experience is positive.",refund,neutral,availability,positive
absa_01060,"The StreamBox has performance that is negative, while the delivery experience is positive.",performance,negative,delivery,positive
absa_01061,"The StreamBox has usability that is neutral, while the payment experience is neutral.",usability,neutral,payment,neutral
absa_01062,"The SwiftBank Mobile has delivery that is negative, while the customer_support experience is negative.",delivery,negative,customer_support,negative
absa_01063,"The LearnHub has product_quality that is neutral, while the refund experience is positive.",product_quality,neutral,refund,positive
absa_01064,"The FreshMart has pricing that is neutral, while the refund experience is neutral.",pricing,neutral,refund,neutral
absa_01065,"The RideGo has availability that is positive, while the performance experience is negative.",availability,positive,performance,negative
absa_01066,"The StreamBox has performance that is neutral, while the product_quality experience is positive.",performance,neutral,product_quality,positive
absa_01067,"The PayWave Mobile App has product_quality that is negative, while the availability experience is negative.",product_quality,negative,availability,negative
absa_01068,"The QuickCash Wallet has security that is negative, while the performance experience is neutral.",security,negative,performance,neutral
absa_01069,"The PayWave Mobile App has security that is positive, while the pricing experience is negative.",security,positive,pricing,negative
absa_01070,"The QuickCash Wallet has refund that is negative, while the usability experience is neutral.",refund,negative,usability,neutral
absa_01071,"The ShopNow has customer_support that is negative, while the payment experience is positive.",customer_support,negative,payment,positive
absa_01072,"The QuickCash Wallet has customer_support that is positive, while the product_quality experience is neutral.",customer_support,positive,product_quality,neutral
absa_01073,"The HealthPlus has pricing that is positive, while the security experience is neutral.",pricing,positive,security,neutral
absa_01074,"The RideGo has availability that is positive, while the payment experience is negative.",availability,positive,payment,negative
absa_01075,"The StreamBox has delivery that is positive, while the payment experience is negative.",delivery,positive,payment,negative
absa_01076,"The ShopNow has refund that is positive, while the performance experience is positive.",refund,positive,performance,positive
absa_01077,"The ShopNow has pricing that is negative, while the refund experience is positive.",pricing,negative,refund,positive
absa_01078,"The SwiftBank Mobile has usability that is positive, while the product_quality experience is negative.",usability,positive,product_quality,negative
absa_01079,"The StreamBox has security that is negative, while the product_quality experience is negative.",security,negative,product_quality,negative
absa_01080,"The CloudDesk has refund that is positive, while the pricing experience is neutral.",refund,positive,pricing,neutral
absa_01081,"The SwiftBank Mobile has availability that is negative, while the security experience is positive.",availability,negative,security,positive
absa_01082,"The PayWave Mobile App has security that is neutral, while the usability experience is neutral.",security,neutral,usability,neutral
absa_01083,"The PayWave Mobile App has customer_support that is negative, while the performance experience is neutral.",customer_support,negative,performance,neutral
absa_01084,"The SwiftBank Mobile has availability that is neutral, while the performance experience is neutral.",availability,neutral,performance,neutral
absa_01085,"The PayWave Mobile App has refund that is negative, while the security experience is positive.",refund,negative,security,positive
absa_01086,"The ShopNow has availability that is positive, while the refund experience is neutral.",availability,positive,refund,neutral
absa_01087,"The FreshMart has availability that is negative, while the delivery experience is negative.",availability,negative,delivery,negative
absa_01088,"The SwiftBank Mobile has availability that is positive, while the delivery experience is neutral.",availability,positive,delivery,neutral
absa_01089,"The FreshMart has pricing that is negative, while the performance experience is neutral.",pricing,negative,performance,neutral
absa_01090,"The CloudDesk has product_quality that is positive, while the refund experience is positive.",product_quality,positive,refund,positive
absa_01091,"The CloudDesk has payment that is negative, while the usability experience is negative.",payment,negative,usability,negative
absa_01092,"The HealthPlus has pricing that is negative, while the refund experience is negative.",pricing,negative,refund,negative
absa_01093,"The FreshMart has pricing that is negative, while the performance experience is neutral.",pricing,negative,performance,neutral
absa_01094,"The SwiftBank Mobile has delivery that is neutral, while the performance experience is neutral.",delivery,neutral,performance,neutral
absa_01095,"The LearnHub has payment that is neutral, while the delivery experience is negative.",payment,neutral,delivery,negative
absa_01096,"The LearnHub has availability that is positive, while the product_quality experience is neutral.",availability,positive,product_quality,neutral
absa_01097,"The SwiftBank Mobile has payment that is negative, while the product_quality experience is positive.",payment,negative,product_quality,positive
absa_01098,"The CloudDesk has payment that is neutral, while the performance experience is neutral.",payment,neutral,performance,neutral
absa_01099,"The ShopNow has product_quality that is positive, while the pricing experience is negative.",product_quality,positive,pricing,negative
absa_01100,"The ShopNow has performance that is neutral, while the refund experience is neutral.",performance,neutral,refund,neutral
absa_01101,"The ShopNow has refund that is positive, while the pricing experience is neutral.",refund,positive,pricing,neutral
absa_01102,"The LearnHub has customer_support that is positive, while the performance experience is negative.",customer_support,positive,performance,negative
absa_01103,"The StreamBox has refund that is positive, while the security experience is neutral.",refund,positive,security,neutral
absa_01104,"The PayWave Mobile App has delivery that is positive, while the payment experience is neutral.",delivery,positive,payment,neutral
absa_01105,"The LearnHub has refund that is neutral, while the usability experience is negative.",refund,neutral,usability,negative
absa_01106,"The StreamBox has refund that is negative, while the usability experience is negative.",refund,negative,usability,negative
absa_01107,"The ShopNow has usability that is negative, while the payment experience is negative.",usability,negative,payment,negative
absa_01108,"The CloudDesk has payment that is neutral, while the performance experience is neutral.",payment,neutral,performance,neutral
absa_01109,"The StreamBox has pricing that is neutral, while the payment experience is negative.",pricing,neutral,payment,negative
absa_01110,"The SwiftBank Mobile has delivery that is neutral, while the payment experience is negative.",delivery,neutral,payment,negative
absa_01111,"The FreshMart has refund that is neutral, while the performance experience is neutral.",refund,neutral,performance,neutral
absa_01112,"The PayWave Mobile App has payment that is negative, while the delivery experience is neutral.",payment,negative,delivery,neutral
absa_01113,"The PayWave Mobile App has availability that is negative, while the security experience is positive.",availability,negative,security,positive
absa_01114,"The SwiftBank Mobile has performance that is neutral, while the delivery experience is neutral.",performance,neutral,delivery,neutral
absa_01115,"The QuickCash Wallet has payment that is negative, while the availability experience is neutral.",payment,negative,availability,neutral
absa_01116,"The HealthPlus has performance that is negative, while the availability experience is negative.",performance,negative,availability,negative
absa_01117,"The QuickCash Wallet has delivery that is neutral, while the usability experience is negative.",delivery,neutral,usability,negative
absa_01118,"The StreamBox has pricing that is neutral, while the usability experience is negative.",pricing,neutral,usability,negative
absa_01119,"The SwiftBank Mobile has payment that is neutral, while the performance experience is positive.",payment,neutral,performance,positive
absa_01120,"The HealthPlus has customer_support that is negative, while the product_quality experience is neutral.",customer_support,negative,product_quality,neutral
absa_01121,"The ShopNow has payment that is neutral, while the refund experience is negative.",payment,neutral,refund,negative
absa_01122,"The RideGo has usability that is positive, while the performance experience is neutral.",usability,positive,performance,neutral
absa_01123,"The StreamBox has delivery that is negative, while the payment experience is negative.",delivery,negative,payment,negative
absa_01124,"The QuickCash Wallet has security that is negative, while the usability experience is negative.",security,negative,usability,negative
absa_01125,"The RideGo has delivery that is positive, while the payment experience is negative.",delivery,positive,payment,negative
absa_01126,"The FreshMart has performance that is neutral, while the security experience is positive.",performance,neutral,security,positive
absa_01127,"The StreamBox has payment that is positive, while the delivery experience is negative.",payment,positive,delivery,negative
absa_01128,"The PayWave Mobile App has product_quality that is negative, while the pricing experience is neutral.",product_quality,negative,pricing,neutral
absa_01129,"The ShopNow has performance that is neutral, while the availability experience is negative.",performance,neutral,availability,negative
absa_01130,"The CloudDesk has delivery that is positive, while the availability experience is positive.",delivery,positive,availability,positive
absa_01131,"The FreshMart has product_quality that is neutral, while the refund experience is negative.",product_quality,neutral,refund,negative
absa_01132,"The FreshMart has performance that is neutral, while the delivery experience is neutral.",performance,neutral,delivery,neutral
absa_01133,"The HealthPlus has availability that is negative, while the customer_support experience is neutral.",availability,negative,customer_support,neutral
absa_01134,"The FreshMart has performance that is positive, while the customer_support experience is negative.",performance,positive,customer_support,negative
absa_01135,"The StreamBox has security that is neutral, while the performance experience is negative.",security,neutral,performance,negative
absa_01136,"The FreshMart has security that is neutral, while the product_quality experience is positive.",security,neutral,product_quality,positive
absa_01137,"The QuickCash Wallet has availability that is neutral, while the customer_support experience is neutral.",availability,neutral,customer_support,neutral
absa_01138,"The SwiftBank Mobile has refund that is positive, while the security experience is negative.",refund,positive,security,negative
absa_01139,"The ShopNow has performance that is positive, while the delivery experience is negative.",performance,positive,delivery,negative
absa_01140,"The SwiftBank Mobile has performance that is negative, while the payment experience is negative.",performance,negative,payment,negative
absa_01141,"The QuickCash Wallet has payment that is positive, while the pricing experience is neutral.",payment,positive,pricing,neutral
absa_01142,"The PayWave Mobile App has usability that is positive, while the pricing experience is neutral.",usability,positive,pricing,neutral
absa_01143,"The LearnHub has security that is neutral, while the performance experience is positive.",security,neutral,performance,positive
absa_01144,"The PayWave Mobile App has security that is positive, while the product_quality experience is neutral.",security,positive,product_quality,neutral
absa_01145,"The ShopNow has product_quality that is negative, while the payment experience is neutral.",product_quality,negative,payment,neutral
absa_01146,"The RideGo has refund that is neutral, while the payment experience is negative.",refund,neutral,payment,negative
absa_01147,"The RideGo has customer_support that is positive, while the delivery experience is positive.",customer_support,positive,delivery,positive
absa_01148,"The SwiftBank Mobile has customer_support that is positive, while the usability experience is neutral.",customer_support,positive,usability,neutral
absa_01149,"The FreshMart has payment that is negative, while the product_quality experience is negative.",payment,negative,product_quality,negative
absa_01150,"The ShopNow has payment that is negative, while the delivery experience is neutral.",payment,negative,delivery,neutral
absa_01151,"The ShopNow has pricing that is positive, while the customer_support experience is neutral.",pricing,positive,customer_support,neutral
absa_01152,"The ShopNow has usability that is neutral, while the security experience is positive.",usability,neutral,security,positive
absa_01153,"The LearnHub has product_quality that is neutral, while the refund experience is negative.",product_quality,neutral,refund,negative
absa_01154,"The HealthPlus has security that is neutral, while the customer_support experience is positive.",security,neutral,customer_support,positive
absa_01155,"The RideGo has usability that is neutral, while the product_quality experience is neutral.",usability,neutral,product_quality,neutral
absa_01156,"The FreshMart has payment that is neutral, while the performance experience is positive.",payment,neutral,performance,positive
absa_01157,"The CloudDesk has delivery that is negative, while the security experience is negative.",delivery,negative,security,negative
absa_01158,"The QuickCash Wallet has usability that is negative, while the pricing experience is negative.",usability,negative,pricing,negative
absa_01159,"The SwiftBank Mobile has pricing that is negative, while the performance experience is negative.",pricing,negative,performance,negative
absa_01160,"The StreamBox has product_quality that is neutral, while the security experience is neutral.",product_quality,neutral,security,neutral
absa_01161,"The QuickCash Wallet has performance that is neutral, while the refund experience is neutral.",performance,neutral,refund,neutral
absa_01162,"The PayWave Mobile App has product_quality that is positive, while the refund experience is positive.",product_quality,positive,refund,positive
absa_01163,"The SwiftBank Mobile has performance that is positive, while the product_quality experience is positive.",performance,positive,product_quality,positive
absa_01164,"The QuickCash Wallet has product_quality that is negative, while the security experience is positive.",product_quality,negative,security,positive
absa_01165,"The QuickCash Wallet has refund that is positive, while the security experience is negative.",refund,positive,security,negative
absa_01166,"The HealthPlus has delivery that is neutral, while the availability experience is neutral.",delivery,neutral,availability,neutral
absa_01167,"The LearnHub has payment that is negative, while the delivery experience is negative.",payment,negative,delivery,negative
absa_01168,"The StreamBox has performance that is positive, while the delivery experience is neutral.",performance,positive,delivery,neutral
absa_01169,"The PayWave Mobile App has security that is negative, while the pricing experience is neutral.",security,negative,pricing,neutral
absa_01170,"The LearnHub has pricing that is neutral, while the security experience is neutral.",pricing,neutral,security,neutral
absa_01171,"The RideGo has refund that is positive, while the availability experience is negative.",refund,positive,availability,negative
absa_01172,"The RideGo has usability that is positive, while the product_quality experience is positive.",usability,positive,product_quality,positive
absa_01173,"The SwiftBank Mobile has delivery that is negative, while the security experience is positive.",delivery,negative,security,positive
absa_01174,"The RideGo has availability that is negative, while the pricing experience is positive.",availability,negative,pricing,positive
absa_01175,"The HealthPlus has delivery that is negative, while the payment experience is positive.",delivery,negative,payment,positive
absa_01176,"The QuickCash Wallet has product_quality that is neutral, while the delivery experience is neutral.",product_quality,neutral,delivery,neutral
absa_01177,"The HealthPlus has pricing that is negative, while the usability experience is neutral.",pricing,negative,usability,neutral
absa_01178,"The HealthPlus has usability that is negative, while the customer_support experience is positive.",usability,negative,customer_support,positive
absa_01179,"The HealthPlus has customer_support that is negative, while the pricing experience is positive.",customer_support,negative,pricing,positive
absa_01180,"The HealthPlus has payment that is positive, while the pricing experience is positive.",payment,positive,pricing,positive
absa_01181,"The LearnHub has product_quality that is neutral, while the performance experience is positive.",product_quality,neutral,performance,positive
absa_01182,"The PayWave Mobile App has availability that is positive, while the security experience is positive.",availability,positive,security,positive
absa_01183,"The FreshMart has availability that is positive, while the delivery experience is negative.",availability,positive,delivery,negative
absa_01184,"The QuickCash Wallet has security that is negative, while the payment experience is negative.",security,negative,payment,negative
absa_01185,"The QuickCash Wallet has payment that is positive, while the product_quality experience is negative.",payment,positive,product_quality,negative
absa_01186,"The CloudDesk has security that is negative, while the payment experience is neutral.",security,negative,payment,neutral
absa_01187,"The LearnHub has refund that is neutral, while the payment experience is neutral.",refund,neutral,payment,neutral
absa_01188,"The PayWave Mobile App has payment that is neutral, while the availability experience is negative.",payment,neutral,availability,negative
absa_01189,"The StreamBox has delivery that is positive, while the availability experience is positive.",delivery,positive,availability,positive
absa_01190,"The HealthPlus has payment that is neutral, while the pricing experience is positive.",payment,neutral,pricing,positive
absa_01191,"The CloudDesk has availability that is negative, while the security experience is positive.",availability,negative,security,positive
absa_01192,"The RideGo has performance that is negative, while the usability experience is neutral.",performance,negative,usability,neutral
absa_01193,"The QuickCash Wallet has customer_support that is negative, while the security experience is positive.",customer_support,negative,security,positive
absa_01194,"The QuickCash Wallet has customer_support that is negative, while the delivery experience is negative.",customer_support,negative,delivery,negative
absa_01195,"The FreshMart has availability that is negative, while the performance experience is positive.",availability,negative,performance,positive
absa_01196,"The ShopNow has refund that is neutral, while the customer_support experience is positive.",refund,neutral,customer_support,positive
absa_01197,"The LearnHub has refund that is positive, while the performance experience is neutral.",refund,positive,performance,neutral
absa_01198,"The FreshMart has customer_support that is positive, while the delivery experience is neutral.",customer_support,positive,delivery,neutral
absa_01199,"The RideGo has payment that is neutral, while the usability experience is negative.",payment,neutral,usability,negative
absa_01200,"The StreamBox has availability that is positive, while the security experience is positive.",availability,positive,security,positive
absa_01201,"The CloudDesk has product_quality that is neutral, while the security experience is positive.",product_quality,neutral,security,positive
absa_01202,"The HealthPlus has refund that is neutral, while the security experience is negative.",refund,neutral,security,negative
absa_01203,"The QuickCash Wallet has refund that is neutral, while the security experience is neutral.",refund,neutral,security,neutral
absa_01204,"The HealthPlus has product_quality that is positive, while the payment experience is neutral.",product_quality,positive,payment,neutral
absa_01205,"The ShopNow has delivery that is negative, while the availability experience is positive.",delivery,negative,availability,positive
absa_01206,"The QuickCash Wallet has performance that is neutral, while the security experience is negative.",performance,neutral,security,negative
absa_01207,"The SwiftBank Mobile has security that is negative, while the product_quality experience is neutral.",security,negative,product_quality,neutral
absa_01208,"The QuickCash Wallet has product_quality that is neutral, while the delivery experience is neutral.",product_quality,neutral,delivery,neutral
absa_01209,"The CloudDesk has refund that is neutral, while the availability experience is negative.",refund,neutral,availability,negative
absa_01210,"The StreamBox has delivery that is negative, while the usability experience is neutral.",delivery,negative,usability,neutral
absa_01211,"The CloudDesk has performance that is negative, while the customer_support experience is negative.",performance,negative,customer_support,negative
absa_01212,"The FreshMart has availability that is neutral, while the usability experience is positive.",availability,neutral,usability,positive
absa_01213,"The RideGo has security that is negative, while the pricing experience is neutral.",security,negative,pricing,neutral
absa_01214,"The SwiftBank Mobile has customer_support that is neutral, while the delivery experience is negative.",customer_support,neutral,delivery,negative
absa_01215,"The HealthPlus has product_quality that is neutral, while the pricing experience is positive.",product_quality,neutral,pricing,positive
absa_01216,"The SwiftBank Mobile has payment that is negative, while the performance experience is neutral.",payment,negative,performance,neutral
absa_01217,"The PayWave Mobile App has usability that is neutral, while the performance experience is positive.",usability,neutral,performance,positive
absa_01218,"The QuickCash Wallet has refund that is positive, while the availability experience is negative.",refund,positive,availability,negative
absa_01219,"The StreamBox has pricing that is neutral, while the refund experience is neutral.",pricing,neutral,refund,neutral
absa_01220,"The PayWave Mobile App has availability that is positive, while the customer_support experience is positive.",availability,positive,customer_support,positive
absa_01221,"The SwiftBank Mobile has usability that is positive, while the refund experience is negative.",usability,positive,refund,negative
absa_01222,"The PayWave Mobile App has security that is positive, while the availability experience is positive.",security,positive,availability,positive
absa_01223,"The SwiftBank Mobile has refund that is negative, while the payment experience is positive.",refund,negative,payment,positive
absa_01224,"The FreshMart has product_quality that is negative, while the delivery experience is negative.",product_quality,negative,delivery,negative
absa_01225,"The ShopNow has availability that is negative, while the performance experience is neutral.",availability,negative,performance,neutral
absa_01226,"The PayWave Mobile App has customer_support that is neutral, while the availability experience is negative.",customer_support,neutral,availability,negative
absa_01227,"The HealthPlus has security that is negative, while the customer_support experience is negative.",security,negative,customer_support,negative
absa_01228,"The QuickCash Wallet has delivery that is neutral, while the product_quality experience is positive.",delivery,neutral,product_quality,positive
absa_01229,"The ShopNow has customer_support that is negative, while the security experience is positive.",customer_support,negative,security,positive
absa_01230,"The RideGo has product_quality that is neutral, while the payment experience is negative.",product_quality,neutral,payment,negative
absa_01231,"The QuickCash Wallet has refund that is neutral, while the product_quality experience is neutral.",refund,neutral,product_quality,neutral
absa_01232,"The CloudDesk has delivery that is neutral, while the performance experience is neutral.",delivery,neutral,performance,neutral
absa_01233,"The CloudDesk has delivery that is negative, while the product_quality experience is negative.",delivery,negative,product_quality,negative
absa_01234,"The QuickCash Wallet has payment that is neutral, while the availability experience is neutral.",payment,neutral,availability,neutral
absa_01235,"The StreamBox has payment that is negative, while the customer_support experience is positive.",payment,negative,customer_support,positive
absa_01236,"The CloudDesk has pricing that is positive, while the payment experience is neutral.",pricing,positive,payment,neutral
absa_01237,"The FreshMart has security that is positive, while the payment experience is positive.",security,positive,payment,positive
absa_01238,"The PayWave Mobile App has product_quality that is negative, while the security experience is positive.",product_quality,negative,security,positive
absa_01239,"The SwiftBank Mobile has customer_support that is positive, while the usability experience is positive.",customer_support,positive,usability,positive
absa_01240,"The HealthPlus has pricing that is negative, while the availability experience is positive.",pricing,negative,availability,positive
absa_01241,"The StreamBox has performance that is positive, while the availability experience is positive.",performance,positive,availability,positive
absa_01242,"The SwiftBank Mobile has security that is negative, while the delivery experience is negative.",security,negative,delivery,negative
absa_01243,"The SwiftBank Mobile has customer_support that is negative, while the refund experience is negative.",customer_support,negative,refund,negative
absa_01244,"The CloudDesk has customer_support that is neutral, while the usability experience is positive.",customer_support,neutral,usability,positive
absa_01245,"The CloudDesk has customer_support that is positive, while the delivery experience is negative.",customer_support,positive,delivery,negative
absa_01246,"The RideGo has delivery that is positive, while the usability experience is negative.",delivery,positive,usability,negative
absa_01247,"The PayWave Mobile App has pricing that is neutral, while the customer_support experience is positive.",pricing,neutral,customer_support,positive
absa_01248,"The QuickCash Wallet has delivery that is positive, while the availability experience is positive.",delivery,positive,availability,positive
absa_01249,"The QuickCash Wallet has refund that is negative, while the security experience is neutral.",refund,negative,security,neutral
absa_01250,"The PayWave Mobile App has refund that is positive, while the performance experience is negative.",refund,positive,performance,negative
absa_01251,"The StreamBox has availability that is negative, while the performance experience is negative.",availability,negative,performance,negative
absa_01252,"The SwiftBank Mobile has security that is positive, while the availability experience is neutral.",security,positive,availability,neutral
absa_01253,"The CloudDesk has security that is negative, while the pricing experience is positive.",security,negative,pricing,positive
absa_01254,"The PayWave Mobile App has product_quality that is neutral, while the refund experience is negative.",product_quality,neutral,refund,negative
absa_01255,"The HealthPlus has product_quality that is positive, while the delivery experience is positive.",product_quality,positive,delivery,positive
absa_01256,"The SwiftBank Mobile has availability that is positive, while the customer_support experience is positive.",availability,positive,customer_support,positive
absa_01257,"The PayWave Mobile App has usability that is positive, while the customer_support experience is positive.",usability,positive,customer_support,positive
absa_01258,"The StreamBox has customer_support that is positive, while the security experience is negative.",customer_support,positive,security,negative
absa_01259,"The PayWave Mobile App has usability that is neutral, while the payment experience is positive.",usability,neutral,payment,positive
absa_01260,"The ShopNow has security that is neutral, while the delivery experience is positive.",security,neutral,delivery,positive
absa_01261,"The StreamBox has availability that is neutral, while the usability experience is neutral.",availability,neutral,usability,neutral
absa_01262,"The FreshMart has customer_support that is negative, while the payment experience is neutral.",customer_support,negative,payment,neutral
absa_01263,"The CloudDesk has product_quality that is negative, while the delivery experience is negative.",product_quality,negative,delivery,negative
absa_01264,"The LearnHub has availability that is neutral, while the performance experience is negative.",availability,neutral,performance,negative
absa_01265,"The HealthPlus has usability that is positive, while the performance experience is neutral.",usability,positive,performance,neutral
absa_01266,"The CloudDesk has availability that is positive, while the product_quality experience is positive.",availability,positive,product_quality,positive
absa_01267,"The QuickCash Wallet has delivery that is neutral, while the usability experience is negative.",delivery,neutral,usability,negative
absa_01268,"The HealthPlus has product_quality that is neutral, while the delivery experience is neutral.",product_quality,neutral,delivery,neutral
absa_01269,"The QuickCash Wallet has pricing that is negative, while the usability experience is positive.",pricing,negative,usability,positive
absa_01270,"The PayWave Mobile App has payment that is neutral, while the delivery experience is positive.",payment,neutral,delivery,positive
absa_01271,"The QuickCash Wallet has pricing that is positive, while the security experience is neutral.",pricing,positive,security,neutral
absa_01272,"The CloudDesk has delivery that is negative, while the refund experience is negative.",delivery,negative,refund,negative
absa_01273,"The SwiftBank Mobile has availability that is negative, while the usability experience is neutral.",availability,negative,usability,neutral
absa_01274,"The StreamBox has security that is negative, while the refund experience is negative.",security,negative,refund,negative
absa_01275,"The PayWave Mobile App has delivery that is positive, while the product_quality experience is negative.",delivery,positive,product_quality,negative
absa_01276,"The StreamBox has usability that is positive, while the pricing experience is neutral.",usability,positive,pricing,neutral
absa_01277,"The RideGo has availability that is positive, while the customer_support experience is negative.",availability,positive,customer_support,negative
absa_01278,"The RideGo has refund that is negative, while the availability experience is negative.",refund,negative,availability,negative
absa_01279,"The StreamBox has delivery that is negative, while the availability experience is neutral.",delivery,negative,availability,neutral
absa_01280,"The LearnHub has performance that is neutral, while the security experience is negative.",performance,neutral,security,negative
absa_01281,"The QuickCash Wallet has pricing that is neutral, while the refund experience is negative.",pricing,neutral,refund,negative
absa_01282,"The ShopNow has refund that is neutral, while the payment experience is positive.",refund,neutral,payment,positive
absa_01283,"The PayWave Mobile App has delivery that is negative, while the performance experience is negative.",delivery,negative,performance,negative
absa_01284,"The RideGo has product_quality that is neutral, while the security experience is neutral.",product_quality,neutral,security,neutral
absa_01285,"The FreshMart has performance that is negative, while the payment experience is negative.",performance,negative,payment,negative
absa_01286,"The HealthPlus has customer_support that is positive, while the pricing experience is negative.",customer_support,positive,pricing,negative
absa_01287,"The CloudDesk has customer_support that is positive, while the usability experience is negative.",customer_support,positive,usability,negative
absa_01288,"The StreamBox has payment that is positive, while the usability experience is positive.",payment,positive,usability,positive
absa_01289,"The RideGo has refund that is neutral, while the payment experience is positive.",refund,neutral,payment,positive
absa_01290,"The PayWave Mobile App has customer_support that is negative, while the refund experience is positive.",customer_support,negative,refund,positive
absa_01291,"The StreamBox has delivery that is negative, while the product_quality experience is neutral.",delivery,negative,product_quality,neutral
absa_01292,"The HealthPlus has performance that is positive, while the usability experience is negative.",performance,positive,usability,negative
absa_01293,"The PayWave Mobile App has payment that is negative, while the product_quality experience is neutral.",payment,negative,product_quality,neutral
absa_01294,"The RideGo has payment that is negative, while the availability experience is negative.",payment,negative,availability,negative
absa_01295,"The PayWave Mobile App has usability that is negative, while the delivery experience is positive.",usability,negative,delivery,positive
absa_01296,"The FreshMart has delivery that is positive, while the usability experience is positive.",delivery,positive,usability,positive
absa_01297,"The QuickCash Wallet has delivery that is neutral, while the availability experience is negative.",delivery,neutral,availability,negative
absa_01298,"The ShopNow has pricing that is negative, while the usability experience is positive.",pricing,negative,usability,positive
absa_01299,"The ShopNow has availability that is negative, while the pricing experience is negative.",availability,negative,pricing,negative
absa_01300,"The StreamBox has pricing that is positive, while the usability experience is negative.",pricing,positive,usability,negative
absa_01301,"The StreamBox has payment that is positive, while the delivery experience is positive.",payment,positive,delivery,positive
absa_01302,"The FreshMart has pricing that is neutral, while the delivery experience is neutral.",pricing,neutral,delivery,neutral
absa_01303,"The StreamBox has pricing that is negative, while the product_quality experience is neutral.",pricing,negative,product_quality,neutral
absa_01304,"The CloudDesk has pricing that is negative, while the availability experience is positive.",pricing,negative,availability,positive
absa_01305,"The QuickCash Wallet has payment that is negative, while the pricing experience is negative.",payment,negative,pricing,negative
absa_01306,"The ShopNow has security that is neutral, while the payment experience is positive.",security,neutral,payment,positive
absa_01307,"The PayWave Mobile App has delivery that is positive, while the security experience is negative.",delivery,positive,security,negative
absa_01308,"The StreamBox has refund that is positive, while the payment experience is negative.",refund,positive,payment,negative
absa_01309,"The StreamBox has performance that is negative, while the usability experience is negative.",performance,negative,usability,negative
absa_01310,"The SwiftBank Mobile has product_quality that is negative, while the delivery experience is negative.",product_quality,negative,delivery,negative
absa_01311,"The StreamBox has availability that is neutral, while the pricing experience is neutral.",availability,neutral,pricing,neutral
absa_01312,"The SwiftBank Mobile has product_quality that is neutral, while the customer_support experience is positive.",product_quality,neutral,customer_support,positive
absa_01313,"The PayWave Mobile App has security that is negative, while the refund experience is negative.",security,negative,refund,negative
absa_01314,"The HealthPlus has customer_support that is negative, while the usability experience is neutral.",customer_support,negative,usability,neutral
absa_01315,"The ShopNow has payment that is positive, while the refund experience is negative.",payment,positive,refund,negative
absa_01316,"The RideGo has product_quality that is positive, while the usability experience is positive.",product_quality,positive,usability,positive
absa_01317,"The StreamBox has pricing that is negative, while the payment experience is positive.",pricing,negative,payment,positive
absa_01318,"The RideGo has usability that is negative, while the delivery experience is neutral.",usability,negative,delivery,neutral
absa_01319,"The PayWave Mobile App has pricing that is positive, while the delivery experience is negative.",pricing,positive,delivery,negative
absa_01320,"The SwiftBank Mobile has usability that is neutral, while the payment experience is neutral.",usability,neutral,payment,neutral
absa_01321,"The RideGo has pricing that is neutral, while the usability experience is positive.",pricing,neutral,usability,positive
absa_01322,"The StreamBox has security that is positive, while the pricing experience is neutral.",security,positive,pricing,neutral
absa_01323,"The LearnHub has delivery that is positive, while the refund experience is negative.",delivery,positive,refund,negative
absa_01324,"The HealthPlus has usability that is negative, while the security experience is positive.",usability,negative,security,positive
absa_01325,"The LearnHub has pricing that is negative, while the payment experience is neutral.",pricing,negative,payment,neutral
absa_01326,"The RideGo has availability that is positive, while the security experience is negative.",availability,positive,security,negative
absa_01327,"The CloudDesk has payment that is negative, while the security experience is negative.",payment,negative,security,negative
absa_01328,"The PayWave Mobile App has product_quality that is neutral, while the availability experience is neutral.",product_quality,neutral,availability,neutral
absa_01329,"The HealthPlus has pricing that is positive, while the security experience is negative.",pricing,positive,security,negative
absa_01330,"The FreshMart has performance that is neutral, while the refund experience is negative.",performance,neutral,refund,negative
absa_01331,"The PayWave Mobile App has product_quality that is positive, while the usability experience is neutral.",product_quality,positive,usability,neutral
absa_01332,"The StreamBox has product_quality that is positive, while the refund experience is neutral.",product_quality,positive,refund,neutral
absa_01333,"The LearnHub has delivery that is neutral, while the security experience is neutral.",delivery,neutral,security,neutral
absa_01334,"The ShopNow has usability that is neutral, while the availability experience is positive.",usability,neutral,availability,positive
absa_01335,"The StreamBox has payment that is neutral, while the availability experience is positive.",payment,neutral,availability,positive
absa_01336,"The HealthPlus has performance that is positive, while the customer_support experience is negative.",performance,positive,customer_support,negative
absa_01337,"The LearnHub has security that is positive, while the performance experience is negative.",security,positive,performance,negative
absa_01338,"The ShopNow has customer_support that is negative, while the pricing experience is neutral.",customer_support,negative,pricing,neutral
absa_01339,"The StreamBox has usability that is positive, while the delivery experience is neutral.",usability,positive,delivery,neutral
absa_01340,"The QuickCash Wallet has refund that is neutral, while the customer_support experience is neutral.",refund,neutral,customer_support,neutral
absa_01341,"The ShopNow has payment that is neutral, while the usability experience is negative.",payment,neutral,usability,negative
absa_01342,"The HealthPlus has security that is negative, while the availability experience is neutral.",security,negative,availability,neutral
absa_01343,"The CloudDesk has security that is positive, while the customer_support experience is neutral.",security,positive,customer_support,neutral
absa_01344,"The ShopNow has usability that is positive, while the pricing experience is neutral.",usability,positive,pricing,neutral
absa_01345,"The RideGo has delivery that is positive, while the refund experience is neutral.",delivery,positive,refund,neutral
absa_01346,"The QuickCash Wallet has performance that is neutral, while the customer_support experience is neutral.",performance,neutral,customer_support,neutral
absa_01347,"The SwiftBank Mobile has usability that is neutral, while the availability experience is negative.",usability,neutral,availability,negative
absa_01348,"The ShopNow has performance that is positive, while the refund experience is positive.",performance,positive,refund,positive
absa_01349,"The CloudDesk has availability that is negative, while the payment experience is neutral.",availability,negative,payment,neutral
absa_01350,"The QuickCash Wallet has availability that is positive, while the performance experience is negative.",availability,positive,performance,negative
absa_01351,"The QuickCash Wallet has availability that is neutral, while the performance experience is positive.",availability,neutral,performance,positive
absa_01352,"The StreamBox has usability that is neutral, while the refund experience is neutral.",usability,neutral,refund,neutral
absa_01353,"The StreamBox has performance that is negative, while the security experience is positive.",performance,negative,security,positive
absa_01354,"The LearnHub has usability that is negative, while the payment experience is neutral.",usability,negative,payment,neutral
absa_01355,"The StreamBox has availability that is neutral, while the performance experience is negative.",availability,neutral,performance,negative
absa_01356,"The PayWave Mobile App has usability that is positive, while the delivery experience is positive.",usability,positive,delivery,positive
absa_01357,"The StreamBox has pricing that is positive, while the product_quality experience is negative.",pricing,positive,product_quality,negative
absa_01358,"The PayWave Mobile App has pricing that is neutral, while the availability experience is neutral.",pricing,neutral,availability,neutral
absa_01359,"The HealthPlus has customer_support that is neutral, while the delivery experience is neutral.",customer_support,neutral,delivery,neutral
absa_01360,"The FreshMart has product_quality that is negative, while the delivery experience is negative.",product_quality,negative,delivery,negative
absa_01361,"The QuickCash Wallet has payment that is positive, while the refund experience is positive.",payment,positive,refund,positive
absa_01362,"The SwiftBank Mobile has performance that is negative, while the customer_support experience is negative.",performance,negative,customer_support,negative
absa_01363,"The ShopNow has pricing that is negative, while the availability experience is negative.",pricing,negative,availability,negative
absa_01364,"The FreshMart has availability that is positive, while the payment experience is neutral.",availability,positive,payment,neutral
absa_01365,"The ShopNow has availability that is neutral, while the payment experience is positive.",availability,neutral,payment,positive
absa_01366,"The ShopNow has customer_support that is positive, while the usability experience is neutral.",customer_support,positive,usability,neutral
absa_01367,"The SwiftBank Mobile has customer_support that is negative, while the security experience is negative.",customer_support,negative,security,negative
absa_01368,"The StreamBox has security that is neutral, while the performance experience is positive.",security,neutral,performance,positive
absa_01369,"The SwiftBank Mobile has customer_support that is neutral, while the delivery experience is neutral.",customer_support,neutral,delivery,neutral
absa_01370,"The RideGo has availability that is positive, while the usability experience is negative.",availability,positive,usability,negative
absa_01371,"The SwiftBank Mobile has security that is neutral, while the payment experience is neutral.",security,neutral,payment,neutral
absa_01372,"The RideGo has performance that is neutral, while the pricing experience is positive.",performance,neutral,pricing,positive
absa_01373,"The CloudDesk has refund that is negative, while the availability experience is positive.",refund,negative,availability,positive
absa_01374,"The QuickCash Wallet has performance that is positive, while the pricing experience is negative.",performance,positive,pricing,negative
absa_01375,"The HealthPlus has customer_support that is positive, while the product_quality experience is negative.",customer_support,positive,product_quality,negative
absa_01376,"The PayWave Mobile App has delivery that is negative, while the pricing experience is negative.",delivery,negative,pricing,negative
absa_01377,"The QuickCash Wallet has availability that is positive, while the customer_support experience is neutral.",availability,positive,customer_support,neutral
absa_01378,"The CloudDesk has pricing that is positive, while the usability experience is positive.",pricing,positive,usability,positive
absa_01379,"The HealthPlus has payment that is positive, while the performance experience is neutral.",payment,positive,performance,neutral
absa_01380,"The LearnHub has refund that is negative, while the security experience is positive.",refund,negative,security,positive
absa_01381,"The ShopNow has performance that is positive, while the security experience is positive.",performance,positive,security,positive
absa_01382,"The RideGo has pricing that is neutral, while the usability experience is negative.",pricing,neutral,usability,negative
absa_01383,"The StreamBox has usability that is negative, while the delivery experience is neutral.",usability,negative,delivery,neutral
absa_01384,"The ShopNow has delivery that is negative, while the availability experience is negative.",delivery,negative,availability,negative
absa_01385,"The QuickCash Wallet has delivery that is neutral, while the availability experience is neutral.",delivery,neutral,availability,neutral
absa_01386,"The QuickCash Wallet has performance that is neutral, while the product_quality experience is neutral.",performance,neutral,product_quality,neutral
absa_01387,"The ShopNow has delivery that is positive, while the payment experience is negative.",delivery,positive,payment,negative
absa_01388,"The RideGo has pricing that is negative, while the performance experience is negative.",pricing,negative,performance,negative
absa_01389,"The CloudDesk has refund that is positive, while the usability experience is positive.",refund,positive,usability,positive
absa_01390,"The FreshMart has customer_support that is neutral, while the usability experience is negative.",customer_support,neutral,usability,negative
absa_01391,"The PayWave Mobile App has security that is negative, while the availability experience is neutral.",security,negative,availability,neutral
absa_01392,"The HealthPlus has pricing that is negative, while the usability experience is neutral.",pricing,negative,usability,neutral
absa_01393,"The HealthPlus has availability that is neutral, while the usability experience is neutral.",availability,neutral,usability,neutral
absa_01394,"The QuickCash Wallet has performance that is neutral, while the customer_support experience is neutral.",performance,neutral,customer_support,neutral
absa_01395,"The PayWave Mobile App has refund that is positive, while the customer_support experience is neutral.",refund,positive,customer_support,neutral
absa_01396,"The SwiftBank Mobile has pricing that is neutral, while the security experience is neutral.",pricing,neutral,security,neutral
absa_01397,"The CloudDesk has availability that is neutral, while the customer_support experience is positive.",availability,neutral,customer_support,positive
absa_01398,"The PayWave Mobile App has payment that is neutral, while the usability experience is positive.",payment,neutral,usability,positive
absa_01399,"The RideGo has delivery that is neutral, while the pricing experience is negative.",delivery,neutral,pricing,negative
absa_01400,"The HealthPlus has availability that is negative, while the pricing experience is positive.",availability,negative,pricing,positive
absa_01401,"The LearnHub has customer_support that is negative, while the security experience is negative.",customer_support,negative,security,negative
absa_01402,"The PayWave Mobile App has usability that is neutral, while the product_quality experience is neutral.",usability,neutral,product_quality,neutral
absa_01403,"The StreamBox has payment that is neutral, while the customer_support experience is negative.",payment,neutral,customer_support,negative
absa_01404,"The LearnHub has refund that is negative, while the performance experience is positive.",refund,negative,performance,positive
absa_01405,"The SwiftBank Mobile has product_quality that is positive, while the pricing experience is neutral.",product_quality,positive,pricing,neutral
absa_01406,"The ShopNow has pricing that is positive, while the performance experience is negative.",pricing,positive,performance,negative
absa_01407,"The ShopNow has product_quality that is negative, while the pricing experience is neutral.",product_quality,negative,pricing,neutral
absa_01408,"The PayWave Mobile App has product_quality that is neutral, while the refund experience is positive.",product_quality,neutral,refund,positive
absa_01409,"The LearnHub has product_quality that is positive, while the security experience is neutral.",product_quality,positive,security,neutral
absa_01410,"The ShopNow has performance that is neutral, while the pricing experience is negative.",performance,neutral,pricing,negative
absa_01411,"The PayWave Mobile App has refund that is negative, while the pricing experience is neutral.",refund,negative,pricing,neutral
absa_01412,"The RideGo has product_quality that is negative, while the availability experience is neutral.",product_quality,negative,availability,neutral
absa_01413,"The ShopNow has pricing that is neutral, while the payment experience is neutral.",pricing,neutral,payment,neutral
absa_01414,"The StreamBox has product_quality that is negative, while the performance experience is negative.",product_quality,negative,performance,negative
absa_01415,"The RideGo has pricing that is negative, while the security experience is positive.",pricing,negative,security,positive
absa_01416,"The SwiftBank Mobile has pricing that is neutral, while the refund experience is neutral.",pricing,neutral,refund,neutral
absa_01417,"The SwiftBank Mobile has refund that is negative, while the delivery experience is positive.",refund,negative,delivery,positive
absa_01418,"The SwiftBank Mobile has payment that is negative, while the product_quality experience is positive.",payment,negative,product_quality,positive
absa_01419,"The QuickCash Wallet has availability that is positive, while the payment experience is negative.",availability,positive,payment,negative
absa_01420,"The QuickCash Wallet has usability that is negative, while the performance experience is neutral.",usability,negative,performance,neutral
absa_01421,"The LearnHub has refund that is negative, while the security experience is positive.",refund,negative,security,positive
absa_01422,"The FreshMart has refund that is negative, while the product_quality experience is neutral.",refund,negative,product_quality,neutral
absa_01423,"The RideGo has payment that is negative, while the security experience is positive.",payment,negative,security,positive
absa_01424,"The QuickCash Wallet has security that is positive, while the refund experience is positive.",security,positive,refund,positive
absa_01425,"The PayWave Mobile App has payment that is positive, while the performance experience is negative.",payment,positive,performance,negative
absa_01426,"The CloudDesk has pricing that is neutral, while the payment experience is positive.",pricing,neutral,payment,positive
absa_01427,"The FreshMart has refund that is positive, while the product_quality experience is positive.",refund,positive,product_quality,positive
absa_01428,"The CloudDesk has pricing that is neutral, while the availability experience is neutral.",pricing,neutral,availability,neutral
absa_01429,"The SwiftBank Mobile has customer_support that is negative, while the availability experience is neutral.",customer_support,negative,availability,neutral
absa_01430,"The SwiftBank Mobile has delivery that is positive, while the customer_support experience is positive.",delivery,positive,customer_support,positive
absa_01431,"The FreshMart has pricing that is negative, while the usability experience is positive.",pricing,negative,usability,positive
absa_01432,"The QuickCash Wallet has pricing that is negative, while the availability experience is neutral.",pricing,negative,availability,neutral
absa_01433,"The CloudDesk has pricing that is neutral, while the delivery experience is negative.",pricing,neutral,delivery,negative
absa_01434,"The ShopNow has payment that is positive, while the performance experience is negative.",payment,positive,performance,negative
absa_01435,"The LearnHub has usability that is negative, while the customer_support experience is negative.",usability,negative,customer_support,negative
absa_01436,"The QuickCash Wallet has refund that is negative, while the product_quality experience is neutral.",refund,negative,product_quality,neutral
absa_01437,"The HealthPlus has delivery that is negative, while the performance experience is positive.",delivery,negative,performance,positive
absa_01438,"The SwiftBank Mobile has usability that is positive, while the availability experience is positive.",usability,positive,availability,positive
absa_01439,"The FreshMart has delivery that is positive, while the usability experience is positive.",delivery,positive,usability,positive
absa_01440,"The SwiftBank Mobile has performance that is positive, while the security experience is positive.",performance,positive,security,positive
absa_01441,"The SwiftBank Mobile has delivery that is neutral, while the usability experience is negative.",delivery,neutral,usability,negative
absa_01442,"The PayWave Mobile App has payment that is positive, while the pricing experience is neutral.",payment,positive,pricing,neutral
absa_01443,"The LearnHub has security that is negative, while the refund experience is neutral.",security,negative,refund,neutral
absa_01444,"The StreamBox has product_quality that is neutral, while the refund experience is neutral.",product_quality,neutral,refund,neutral
absa_01445,"The CloudDesk has customer_support that is neutral, while the payment experience is positive.",customer_support,neutral,payment,positive
absa_01446,"The StreamBox has product_quality that is negative, while the delivery experience is positive.",product_quality,negative,delivery,positive
absa_01447,"The FreshMart has delivery that is negative, while the payment experience is neutral.",delivery,negative,payment,neutral
absa_01448,"The PayWave Mobile App has availability that is neutral, while the usability experience is negative.",availability,neutral,usability,negative
absa_01449,"The LearnHub has refund that is positive, while the availability experience is negative.",refund,positive,availability,negative
absa_01450,"The RideGo has usability that is negative, while the availability experience is positive.",usability,negative,availability,positive
absa_01451,"The PayWave Mobile App has pricing that is neutral, while the refund experience is neutral.",pricing,neutral,refund,neutral
absa_01452,"The CloudDesk has customer_support that is positive, while the usability experience is negative.",customer_support,positive,usability,negative
absa_01453,"The QuickCash Wallet has availability that is negative, while the product_quality experience is negative.",availability,negative,product_quality,negative
absa_01454,"The QuickCash Wallet has performance that is negative, while the customer_support experience is positive.",performance,negative,customer_support,positive
absa_01455,"The SwiftBank Mobile has usability that is neutral, while the pricing experience is neutral.",usability,neutral,pricing,neutral
absa_01456,"The HealthPlus has refund that is positive, while the security experience is neutral.",refund,positive,security,neutral
absa_01457,"The QuickCash Wallet has security that is positive, while the delivery experience is neutral.",security,positive,delivery,neutral
absa_01458,"The LearnHub has pricing that is neutral, while the delivery experience is positive.",pricing,neutral,delivery,positive
absa_01459,"The HealthPlus has delivery that is negative, while the pricing experience is negative.",delivery,negative,pricing,negative
absa_01460,"The FreshMart has product_quality that is positive, while the customer_support experience is positive.",product_quality,positive,customer_support,positive
absa_01461,"The CloudDesk has refund that is negative, while the usability experience is negative.",refund,negative,usability,negative
absa_01462,"The QuickCash Wallet has product_quality that is positive, while the delivery experience is negative.",product_quality,positive,delivery,negative
absa_01463,"The StreamBox has payment that is neutral, while the security experience is neutral.",payment,neutral,security,neutral
absa_01464,"The ShopNow has security that is negative, while the refund experience is positive.",security,negative,refund,positive
absa_01465,"The StreamBox has delivery that is positive, while the performance experience is neutral.",delivery,positive,performance,neutral
absa_01466,"The ShopNow has pricing that is negative, while the security experience is neutral.",pricing,negative,security,neutral
absa_01467,"The CloudDesk has pricing that is positive, while the payment experience is negative.",pricing,positive,payment,negative
absa_01468,"The CloudDesk has delivery that is neutral, while the availability experience is neutral.",delivery,neutral,availability,neutral
absa_01469,"The HealthPlus has availability that is positive, while the performance experience is positive.",availability,positive,performance,positive
absa_01470,"The StreamBox has customer_support that is positive, while the performance experience is positive.",customer_support,positive,performance,positive
absa_01471,"The ShopNow has refund that is positive, while the availability experience is positive.",refund,positive,availability,positive
absa_01472,"The LearnHub has customer_support that is negative, while the delivery experience is neutral.",customer_support,negative,delivery,neutral
absa_01473,"The CloudDesk has delivery that is negative, while the payment experience is neutral.",delivery,negative,payment,neutral
absa_01474,"The StreamBox has usability that is neutral, while the availability experience is negative.",usability,neutral,availability,negative
absa_01475,"The StreamBox has performance that is negative, while the delivery experience is negative.",performance,negative,delivery,negative
absa_01476,"The RideGo has customer_support that is neutral, while the payment experience is negative.",customer_support,neutral,payment,negative
absa_01477,"The StreamBox has usability that is positive, while the customer_support experience is neutral.",usability,positive,customer_support,neutral
absa_01478,"The QuickCash Wallet has customer_support that is negative, while the payment experience is neutral.",customer_support,negative,payment,neutral
absa_01479,"The PayWave Mobile App has customer_support that is negative, while the usability experience is neutral.",customer_support,negative,usability,neutral
absa_01480,"The StreamBox has product_quality that is negative, while the customer_support experience is neutral.",product_quality,negative,customer_support,neutral
absa_01481,"The ShopNow has customer_support that is neutral, while the pricing experience is negative.",customer_support,neutral,pricing,negative
absa_01482,"The LearnHub has delivery that is neutral, while the availability experience is neutral.",delivery,neutral,availability,neutral
absa_01483,"The LearnHub has customer_support that is negative, while the usability experience is neutral.",customer_support,negative,usability,neutral
absa_01484,"The QuickCash Wallet has security that is positive, while the availability experience is negative.",security,positive,availability,negative
absa_01485,"The ShopNow has delivery that is positive, while the payment experience is positive.",delivery,positive,payment,positive
absa_01486,"The RideGo has usability that is positive, while the refund experience is negative.",usability,positive,refund,negative
absa_01487,"The FreshMart has delivery that is neutral, while the customer_support experience is negative.",delivery,neutral,customer_support,negative
absa_01488,"The ShopNow has delivery that is negative, while the payment experience is positive.",delivery,negative,payment,positive
absa_01489,"The PayWave Mobile App has customer_support that is neutral, while the pricing experience is neutral.",customer_support,neutral,pricing,neutral
absa_01490,"The ShopNow has customer_support that is neutral, while the performance experience is positive.",customer_support,neutral,performance,positive
absa_01491,"The LearnHub has security that is neutral, while the payment experience is neutral.",security,neutral,payment,neutral
absa_01492,"The CloudDesk has usability that is positive, while the security experience is neutral.",usability,positive,security,neutral
absa_01493,"The QuickCash Wallet has refund that is neutral, while the payment experience is negative.",refund,neutral,payment,negative
absa_01494,"The PayWave Mobile App has product_quality that is neutral, while the performance experience is neutral.",product_quality,neutral,performance,neutral
absa_01495,"The PayWave Mobile App has performance that is positive, while the availability experience is neutral.",performance,positive,availability,neutral
absa_01496,"The CloudDesk has availability that is negative, while the delivery experience is negative.",availability,negative,delivery,negative
absa_01497,"The QuickCash Wallet has performance that is negative, while the payment experience is negative.",performance,negative,payment,negative
absa_01498,"The FreshMart has availability that is negative, while the usability experience is negative.",availability,negative,usability,negative
absa_01499,"The LearnHub has customer_support that is negative, while the pricing experience is negative.",customer_support,negative,pricing,negative
absa_01500,"The SwiftBank Mobile has availability that is neutral, while the delivery experience is positive.",availability,neutral,delivery,positive
absa_01501,"The LearnHub has pricing that is negative, while the performance experience is neutral.",pricing,negative,performance,neutral
absa_01502,"The ShopNow has pricing that is neutral, while the performance experience is negative.",pricing,neutral,performance,negative
absa_01503,"The StreamBox has refund that is negative, while the usability experience is positive.",refund,negative,usability,positive
absa_01504,"The RideGo has product_quality that is negative, while the refund experience is negative.",product_quality,negative,refund,negative
absa_01505,"The SwiftBank Mobile has customer_support that is neutral, while the availability experience is negative.",customer_support,neutral,availability,negative
absa_01506,"The FreshMart has product_quality that is negative, while the payment experience is neutral.",product_quality,negative,payment,neutral
absa_01507,"The LearnHub has usability that is negative, while the pricing experience is negative.",usability,negative,pricing,negative
absa_01508,"The CloudDesk has refund that is positive, while the customer_support experience is negative.",refund,positive,customer_support,negative
absa_01509,"The HealthPlus has pricing that is neutral, while the security experience is neutral.",pricing,neutral,security,neutral
absa_01510,"The ShopNow has refund that is neutral, while the performance experience is negative.",refund,neutral,performance,negative
absa_01511,"The RideGo has payment that is positive, while the product_quality experience is positive.",payment,positive,product_quality,positive
absa_01512,"The RideGo has delivery that is negative, while the performance experience is positive.",delivery,negative,performance,positive
absa_01513,"The LearnHub has pricing that is negative, while the product_quality experience is positive.",pricing,negative,product_quality,positive
absa_01514,"The QuickCash Wallet has performance that is positive, while the availability experience is negative.",performance,positive,availability,negative
absa_01515,"The SwiftBank Mobile has product_quality that is neutral, while the customer_support experience is positive.",product_quality,neutral,customer_support,positive
absa_01516,"The QuickCash Wallet has pricing that is neutral, while the customer_support experience is negative.",pricing,neutral,customer_support,negative
absa_01517,"The QuickCash Wallet has payment that is positive, while the pricing experience is positive.",payment,positive,pricing,positive
absa_01518,"The LearnHub has delivery that is positive, while the usability experience is negative.",delivery,positive,usability,negative
absa_01519,"The LearnHub has payment that is negative, while the availability experience is positive.",payment,negative,availability,positive
absa_01520,"The LearnHub has product_quality that is positive, while the delivery experience is positive.",product_quality,positive,delivery,positive
absa_01521,"The RideGo has security that is negative, while the pricing experience is neutral.",security,negative,pricing,neutral
absa_01522,"The CloudDesk has product_quality that is neutral, while the delivery experience is positive.",product_quality,neutral,delivery,positive
absa_01523,"The FreshMart has refund that is neutral, while the usability experience is positive.",refund,neutral,usability,positive
absa_01524,"The CloudDesk has availability that is positive, while the refund experience is neutral.",availability,positive,refund,neutral
absa_01525,"The CloudDesk has availability that is positive, while the product_quality experience is neutral.",availability,positive,product_quality,neutral
absa_01526,"The PayWave Mobile App has customer_support that is neutral, while the payment experience is neutral.",customer_support,neutral,payment,neutral
absa_01527,"The FreshMart has pricing that is positive, while the refund experience is negative.",pricing,positive,refund,negative
absa_01528,"The CloudDesk has payment that is negative, while the customer_support experience is neutral.",payment,negative,customer_support,neutral
absa_01529,"The LearnHub has security that is neutral, while the performance experience is positive.",security,neutral,performance,positive
absa_01530,"The ShopNow has product_quality that is negative, while the payment experience is neutral.",product_quality,negative,payment,neutral
absa_01531,"The ShopNow has refund that is neutral, while the security experience is positive.",refund,neutral,security,positive
absa_01532,"The PayWave Mobile App has pricing that is positive, while the payment experience is positive.",pricing,positive,payment,positive
absa_01533,"The StreamBox has refund that is positive, while the usability experience is positive.",refund,positive,usability,positive
absa_01534,"The StreamBox has delivery that is neutral, while the availability experience is neutral.",delivery,neutral,availability,neutral
absa_01535,"The QuickCash Wallet has pricing that is negative, while the product_quality experience is positive.",pricing,negative,product_quality,positive
absa_01536,"The PayWave Mobile App has product_quality that is neutral, while the availability experience is positive.",product_quality,neutral,availability,positive
absa_01537,"The PayWave Mobile App has customer_support that is negative, while the usability experience is positive.",customer_support,negative,usability,positive
absa_01538,"The StreamBox has refund that is neutral, while the product_quality experience is neutral.",refund,neutral,product_quality,neutral
absa_01539,"The FreshMart has payment that is positive, while the refund experience is positive.",payment,positive,refund,positive
absa_01540,"The CloudDesk has security that is positive, while the product_quality experience is neutral.",security,positive,product_quality,neutral
absa_01541,"The LearnHub has refund that is positive, while the usability experience is neutral.",refund,positive,usability,neutral
absa_01542,"The PayWave Mobile App has availability that is positive, while the refund experience is positive.",availability,positive,refund,positive
absa_01543,"The CloudDesk has delivery that is positive, while the payment experience is positive.",delivery,positive,payment,positive
absa_01544,"The RideGo has security that is negative, while the pricing experience is neutral.",security,negative,pricing,neutral
absa_01545,"The SwiftBank Mobile has delivery that is negative, while the usability experience is neutral.",delivery,negative,usability,neutral
absa_01546,"The LearnHub has availability that is positive, while the usability experience is negative.",availability,positive,usability,negative
absa_01547,"The CloudDesk has payment that is negative, while the availability experience is negative.",payment,negative,availability,negative
absa_01548,"The CloudDesk has usability that is positive, while the customer_support experience is positive.",usability,positive,customer_support,positive
absa_01549,"The PayWave Mobile App has pricing that is neutral, while the product_quality experience is neutral.",pricing,neutral,product_quality,neutral
absa_01550,"The SwiftBank Mobile has payment that is neutral, while the performance experience is neutral.",payment,neutral,performance,neutral
absa_01551,"The HealthPlus has product_quality that is neutral, while the refund experience is negative.",product_quality,neutral,refund,negative
absa_01552,"The HealthPlus has payment that is positive, while the performance experience is positive.",payment,positive,performance,positive
absa_01553,"The QuickCash Wallet has security that is neutral, while the pricing experience is neutral.",security,neutral,pricing,neutral
absa_01554,"The SwiftBank Mobile has performance that is negative, while the payment experience is positive.",performance,negative,payment,positive
absa_01555,"The HealthPlus has performance that is positive, while the refund experience is positive.",performance,positive,refund,positive
absa_01556,"The HealthPlus has pricing that is neutral, while the usability experience is positive.",pricing,neutral,usability,positive
absa_01557,"The StreamBox has usability that is neutral, while the refund experience is negative.",usability,neutral,refund,negative
absa_01558,"The ShopNow has customer_support that is positive, while the pricing experience is positive.",customer_support,positive,pricing,positive
absa_01559,"The LearnHub has delivery that is neutral, while the product_quality experience is neutral.",delivery,neutral,product_quality,neutral
absa_01560,"The FreshMart has customer_support that is neutral, while the security experience is positive.",customer_support,neutral,security,positive
absa_01561,"The ShopNow has customer_support that is positive, while the refund experience is positive.",customer_support,positive,refund,positive
absa_01562,"The QuickCash Wallet has security that is negative, while the availability experience is negative.",security,negative,availability,negative
absa_01563,"The SwiftBank Mobile has availability that is negative, while the product_quality experience is neutral.",availability,negative,product_quality,neutral
absa_01564,"The CloudDesk has security that is positive, while the refund experience is neutral.",security,positive,refund,neutral
absa_01565,"The RideGo has refund that is neutral, while the delivery experience is neutral.",refund,neutral,delivery,neutral
absa_01566,"The HealthPlus has availability that is neutral, while the pricing experience is negative.",availability,neutral,pricing,negative
absa_01567,"The PayWave Mobile App has security that is neutral, while the pricing experience is negative.",security,neutral,pricing,negative
absa_01568,"The FreshMart has performance that is neutral, while the pricing experience is positive.",performance,neutral,pricing,positive
absa_01569,"The RideGo has security that is neutral, while the payment experience is positive.",security,neutral,payment,positive
absa_01570,"The StreamBox has security that is neutral, while the delivery experience is negative.",security,neutral,delivery,negative
absa_01571,"The QuickCash Wallet has customer_support that is positive, while the security experience is negative.",customer_support,positive,security,negative
absa_01572,"The HealthPlus has delivery that is negative, while the availability experience is positive.",delivery,negative,availability,positive
absa_01573,"The LearnHub has usability that is neutral, while the performance experience is negative.",usability,neutral,performance,negative
absa_01574,"The LearnHub has security that is positive, while the refund experience is positive.",security,positive,refund,positive
absa_01575,"The RideGo has performance that is positive, while the product_quality experience is positive.",performance,positive,product_quality,positive
absa_01576,"The HealthPlus has refund that is negative, while the product_quality experience is negative.",refund,negative,product_quality,negative
absa_01577,"The StreamBox has pricing that is neutral, while the delivery experience is positive.",pricing,neutral,delivery,positive
absa_01578,"The HealthPlus has performance that is neutral, while the availability experience is negative.",performance,neutral,availability,negative
absa_01579,"The QuickCash Wallet has availability that is negative, while the customer_support experience is negative.",availability,negative,customer_support,negative
absa_01580,"The RideGo has product_quality that is positive, while the performance experience is neutral.",product_quality,positive,performance,neutral
absa_01581,"The SwiftBank Mobile has availability that is positive, while the performance experience is neutral.",availability,positive,performance,neutral
absa_01582,"The ShopNow has refund that is positive, while the pricing experience is negative.",refund,positive,pricing,negative
absa_01583,"The SwiftBank Mobile has customer_support that is negative, while the security experience is negative.",customer_support,negative,security,negative
absa_01584,"The SwiftBank Mobile has payment that is negative, while the product_quality experience is negative.",payment,negative,product_quality,negative
absa_01585,"The PayWave Mobile App has payment that is negative, while the delivery experience is positive.",payment,negative,delivery,positive
absa_01586,"The FreshMart has payment that is positive, while the performance experience is positive.",payment,positive,performance,positive
absa_01587,"The PayWave Mobile App has refund that is negative, while the product_quality experience is negative.",refund,negative,product_quality,negative
absa_01588,"The CloudDesk has delivery that is neutral, while the pricing experience is positive.",delivery,neutral,pricing,positive
absa_01589,"The SwiftBank Mobile has security that is positive, while the performance experience is positive.",security,positive,performance,positive
absa_01590,"The FreshMart has usability that is positive, while the payment experience is positive.",usability,positive,payment,positive
absa_01591,"The CloudDesk has pricing that is positive, while the security experience is positive.",pricing,positive,security,positive
absa_01592,"The LearnHub has customer_support that is positive, while the product_quality experience is negative.",customer_support,positive,product_quality,negative
absa_01593,"The StreamBox has usability that is positive, while the availability experience is negative.",usability,positive,availability,negative
absa_01594,"The CloudDesk has payment that is positive, while the usability experience is negative.",payment,positive,usability,negative
absa_01595,"The CloudDesk has delivery that is neutral, while the availability experience is negative.",delivery,neutral,availability,negative
absa_01596,"The CloudDesk has payment that is positive, while the pricing experience is positive.",payment,positive,pricing,positive
absa_01597,"The SwiftBank Mobile has delivery that is neutral, while the availability experience is negative.",delivery,neutral,availability,negative
absa_01598,"The CloudDesk has product_quality that is positive, while the customer_support experience is negative.",product_quality,positive,customer_support,negative
absa_01599,"The PayWave Mobile App has performance that is positive, while the payment experience is neutral.",performance,positive,payment,neutral
absa_01600,"The SwiftBank Mobile has availability that is negative, while the security experience is positive.",availability,negative,security,positive
absa_01601,"The RideGo has product_quality that is negative, while the delivery experience is neutral.",product_quality,negative,delivery,neutral
absa_01602,"The StreamBox has refund that is neutral, while the product_quality experience is neutral.",refund,neutral,product_quality,neutral
absa_01603,"The CloudDesk has delivery that is neutral, while the product_quality experience is neutral.",delivery,neutral,product_quality,neutral
absa_01604,"The RideGo has payment that is negative, while the delivery experience is negative.",payment,negative,delivery,negative
absa_01605,"The FreshMart has performance that is negative, while the delivery experience is neutral.",performance,negative,delivery,neutral
absa_01606,"The HealthPlus has pricing that is negative, while the customer_support experience is neutral.",pricing,negative,customer_support,neutral
absa_01607,"The QuickCash Wallet has usability that is neutral, while the customer_support experience is negative.",usability,neutral,customer_support,negative
absa_01608,"The ShopNow has usability that is positive, while the availability experience is negative.",usability,positive,availability,negative
absa_01609,"The FreshMart has pricing that is negative, while the performance experience is neutral.",pricing,negative,performance,neutral
absa_01610,"The FreshMart has availability that is neutral, while the performance experience is neutral.",availability,neutral,performance,neutral
absa_01611,"The CloudDesk has refund that is negative, while the usability experience is neutral.",refund,negative,usability,neutral
absa_01612,"The FreshMart has usability that is neutral, while the refund experience is neutral.",usability,neutral,refund,neutral
absa_01613,"The RideGo has delivery that is positive, while the usability experience is negative.",delivery,positive,usability,negative
absa_01614,"The CloudDesk has product_quality that is negative, while the refund experience is negative.",product_quality,negative,refund,negative
absa_01615,"The SwiftBank Mobile has product_quality that is negative, while the payment experience is neutral.",product_quality,negative,payment,neutral
absa_01616,"The StreamBox has usability that is positive, while the availability experience is positive.",usability,positive,availability,positive
absa_01617,"The PayWave Mobile App has product_quality that is neutral, while the pricing experience is negative.",product_quality,neutral,pricing,negative
absa_01618,"The StreamBox has performance that is neutral, while the availability experience is positive.",performance,neutral,availability,positive
absa_01619,"The SwiftBank Mobile has security that is positive, while the product_quality experience is positive.",security,positive,product_quality,positive
absa_01620,"The StreamBox has security that is negative, while the usability experience is neutral.",security,negative,usability,neutral
absa_01621,"The PayWave Mobile App has performance that is positive, while the product_quality experience is positive.",performance,positive,product_quality,positive
absa_01622,"The QuickCash Wallet has refund that is positive, while the product_quality experience is negative.",refund,positive,product_quality,negative
absa_01623,"The FreshMart has pricing that is positive, while the product_quality experience is negative.",pricing,positive,product_quality,negative
absa_01624,"The RideGo has payment that is positive, while the security experience is positive.",payment,positive,security,positive
absa_01625,"The QuickCash Wallet has product_quality that is neutral, while the usability experience is negative.",product_quality,neutral,usability,negative
absa_01626,"The ShopNow has performance that is neutral, while the payment experience is positive.",performance,neutral,payment,positive
absa_01627,"The QuickCash Wallet has usability that is negative, while the payment experience is positive.",usability,negative,payment,positive
absa_01628,"The LearnHub has product_quality that is positive, while the refund experience is positive.",product_quality,positive,refund,positive
absa_01629,"The HealthPlus has customer_support that is neutral, while the usability experience is negative.",customer_support,neutral,usability,negative
absa_01630,"The CloudDesk has delivery that is positive, while the customer_support experience is neutral.",delivery,positive,customer_support,neutral
absa_01631,"The ShopNow has pricing that is neutral, while the usability experience is positive.",pricing,neutral,usability,positive
absa_01632,"The LearnHub has customer_support that is neutral, while the delivery experience is positive.",customer_support,neutral,delivery,positive
absa_01633,"The ShopNow has pricing that is positive, while the availability experience is positive.",pricing,positive,availability,positive
absa_01634,"The QuickCash Wallet has performance that is neutral, while the product_quality experience is neutral.",performance,neutral,product_quality,neutral
absa_01635,"The QuickCash Wallet has product_quality that is neutral, while the pricing experience is negative.",product_quality,neutral,pricing,negative
absa_01636,"The CloudDesk has security that is neutral, while the performance experience is neutral.",security,neutral,performance,neutral
absa_01637,"The StreamBox has usability that is neutral, while the pricing experience is positive.",usability,neutral,pricing,positive
absa_01638,"The ShopNow has pricing that is positive, while the security experience is positive.",pricing,positive,security,positive
absa_01639,"The QuickCash Wallet has refund that is positive, while the usability experience is negative.",refund,positive,usability,negative
absa_01640,"The RideGo has security that is positive, while the usability experience is neutral.",security,positive,usability,neutral
absa_01641,"The PayWave Mobile App has usability that is negative, while the refund experience is positive.",usability,negative,refund,positive
absa_01642,"The RideGo has performance that is negative, while the security experience is negative.",performance,negative,security,negative
absa_01643,"The LearnHub has pricing that is negative, while the usability experience is positive.",pricing,negative,usability,positive
absa_01644,"The ShopNow has security that is negative, while the usability experience is neutral.",security,negative,usability,neutral
absa_01645,"The HealthPlus has pricing that is neutral, while the payment experience is positive.",pricing,neutral,payment,positive
absa_01646,"The LearnHub has product_quality that is neutral, while the payment experience is neutral.",product_quality,neutral,payment,neutral
absa_01647,"The StreamBox has customer_support that is negative, while the payment experience is positive.",customer_support,negative,payment,positive
absa_01648,"The StreamBox has pricing that is negative, while the payment experience is negative.",pricing,negative,payment,negative
absa_01649,"The RideGo has performance that is positive, while the security experience is positive.",performance,positive,security,positive
absa_01650,"The PayWave Mobile App has performance that is negative, while the availability experience is negative.",performance,negative,availability,negative
absa_01651,"The RideGo has security that is neutral, while the customer_support experience is negative.",security,neutral,customer_support,negative
absa_01652,"The QuickCash Wallet has refund that is negative, while the usability experience is negative.",refund,negative,usability,negative
absa_01653,"The HealthPlus has product_quality that is neutral, while the delivery experience is neutral.",product_quality,neutral,delivery,neutral
absa_01654,"The PayWave Mobile App has refund that is positive, while the performance experience is negative.",refund,positive,performance,negative
absa_01655,"The StreamBox has performance that is neutral, while the security experience is neutral.",performance,neutral,security,neutral
absa_01656,"The StreamBox has pricing that is neutral, while the product_quality experience is negative.",pricing,neutral,product_quality,negative
absa_01657,"The ShopNow has availability that is neutral, while the pricing experience is negative.",availability,neutral,pricing,negative
absa_01658,"The PayWave Mobile App has customer_support that is positive, while the delivery experience is neutral.",customer_support,positive,delivery,neutral
absa_01659,"The SwiftBank Mobile has pricing that is neutral, while the performance experience is neutral.",pricing,neutral,performance,neutral
absa_01660,"The HealthPlus has payment that is neutral, while the availability experience is neutral.",payment,neutral,availability,neutral
absa_01661,"The FreshMart has security that is neutral, while the payment experience is neutral.",security,neutral,payment,neutral
absa_01662,"The QuickCash Wallet has performance that is neutral, while the payment experience is positive.",performance,neutral,payment,positive
absa_01663,"The ShopNow has product_quality that is positive, while the pricing experience is positive.",product_quality,positive,pricing,positive
absa_01664,"The CloudDesk has performance that is positive, while the availability experience is positive.",performance,positive,availability,positive
absa_01665,"The PayWave Mobile App has performance that is negative, while the availability experience is negative.",performance,negative,availability,negative
absa_01666,"The RideGo has usability that is negative, while the product_quality experience is neutral.",usability,negative,product_quality,neutral
absa_01667,"The QuickCash Wallet has availability that is negative, while the delivery experience is neutral.",availability,negative,delivery,neutral
absa_01668,"The FreshMart has delivery that is negative, while the availability experience is neutral.",delivery,negative,availability,neutral
absa_01669,"The PayWave Mobile App has customer_support that is neutral, while the usability experience is positive.",customer_support,neutral,usability,positive
absa_01670,"The ShopNow has payment that is neutral, while the pricing experience is neutral.",payment,neutral,pricing,neutral
absa_01671,"The RideGo has product_quality that is negative, while the security experience is positive.",product_quality,negative,security,positive
absa_01672,"The FreshMart has security that is neutral, while the product_quality experience is neutral.",security,neutral,product_quality,neutral
absa_01673,"The HealthPlus has usability that is positive, while the performance experience is positive.",usability,positive,performance,positive
absa_01674,"The StreamBox has pricing that is neutral, while the product_quality experience is neutral.",pricing,neutral,product_quality,neutral
absa_01675,"The PayWave Mobile App has usability that is positive, while the customer_support experience is positive.",usability,positive,customer_support,positive
absa_01676,"The SwiftBank Mobile has availability that is neutral, while the payment experience is positive.",availability,neutral,payment,positive
absa_01677,"The CloudDesk has refund that is neutral, while the pricing experience is negative.",refund,neutral,pricing,negative
absa_01678,"The StreamBox has usability that is neutral, while the pricing experience is neutral.",usability,neutral,pricing,neutral
absa_01679,"The CloudDesk has delivery that is positive, while the refund experience is positive.",delivery,positive,refund,positive
absa_01680,"The HealthPlus has usability that is negative, while the product_quality experience is neutral.",usability,negative,product_quality,neutral
absa_01681,"The CloudDesk has availability that is negative, while the pricing experience is negative.",availability,negative,pricing,negative
absa_01682,"The QuickCash Wallet has delivery that is negative, while the payment experience is neutral.",delivery,negative,payment,neutral
absa_01683,"The CloudDesk has customer_support that is positive, while the payment experience is positive.",customer_support,positive,payment,positive
absa_01684,"The ShopNow has pricing that is positive, while the security experience is positive.",pricing,positive,security,positive
absa_01685,"The RideGo has availability that is negative, while the customer_support experience is negative.",availability,negative,customer_support,negative
absa_01686,"The LearnHub has pricing that is positive, while the delivery experience is neutral.",pricing,positive,delivery,neutral
absa_01687,"The QuickCash Wallet has security that is positive, while the pricing experience is neutral.",security,positive,pricing,neutral
absa_01688,"The LearnHub has security that is neutral, while the delivery experience is positive.",security,neutral,delivery,positive
absa_01689,"The LearnHub has product_quality that is neutral, while the refund experience is neutral.",product_quality,neutral,refund,neutral
absa_01690,"The ShopNow has refund that is negative, while the pricing experience is positive.",refund,negative,pricing,positive
absa_01691,"The HealthPlus has availability that is negative, while the customer_support experience is negative.",availability,negative,customer_support,negative
absa_01692,"The FreshMart has usability that is neutral, while the availability experience is positive.",usability,neutral,availability,positive
absa_01693,"The CloudDesk has performance that is neutral, while the delivery experience is negative.",performance,neutral,delivery,negative
absa_01694,"The HealthPlus has usability that is positive, while the customer_support experience is neutral.",usability,positive,customer_support,neutral
absa_01695,"The SwiftBank Mobile has refund that is positive, while the security experience is positive.",refund,positive,security,positive
absa_01696,"The ShopNow has delivery that is negative, while the refund experience is neutral.",delivery,negative,refund,neutral
absa_01697,"The ShopNow has performance that is negative, while the refund experience is neutral.",performance,negative,refund,neutral
absa_01698,"The CloudDesk has pricing that is negative, while the usability experience is positive.",pricing,negative,usability,positive
absa_01699,"The HealthPlus has refund that is positive, while the payment experience is neutral.",refund,positive,payment,neutral
absa_01700,"The CloudDesk has usability that is positive, while the pricing experience is positive.",usability,positive,pricing,positive
absa_01701,"The StreamBox has security that is neutral, while the performance experience is positive.",security,neutral,performance,positive
absa_01702,"The LearnHub has refund that is neutral, while the performance experience is neutral.",refund,neutral,performance,neutral
absa_01703,"The FreshMart has product_quality that is neutral, while the payment experience is positive.",product_quality,neutral,payment,positive
absa_01704,"The StreamBox has product_quality that is negative, while the availability experience is neutral.",product_quality,negative,availability,neutral
absa_01705,"The RideGo has pricing that is negative, while the product_quality experience is negative.",pricing,negative,product_quality,negative
absa_01706,"The PayWave Mobile App has payment that is neutral, while the availability experience is negative.",payment,neutral,availability,negative
absa_01707,"The HealthPlus has pricing that is negative, while the security experience is neutral.",pricing,negative,security,neutral
absa_01708,"The SwiftBank Mobile has delivery that is negative, while the refund experience is neutral.",delivery,negative,refund,neutral
absa_01709,"The SwiftBank Mobile has availability that is negative, while the refund experience is negative.",availability,negative,refund,negative
absa_01710,"The PayWave Mobile App has usability that is negative, while the security experience is negative.",usability,negative,security,negative
absa_01711,"The ShopNow has pricing that is negative, while the delivery experience is negative.",pricing,negative,delivery,negative
absa_01712,"The StreamBox has refund that is neutral, while the performance experience is neutral.",refund,neutral,performance,neutral
absa_01713,"The QuickCash Wallet has pricing that is neutral, while the refund experience is negative.",pricing,neutral,refund,negative
absa_01714,"The QuickCash Wallet has customer_support that is negative, while the availability experience is negative.",customer_support,negative,availability,negative
absa_01715,"The LearnHub has refund that is negative, while the payment experience is neutral.",refund,negative,payment,neutral
absa_01716,"The QuickCash Wallet has availability that is neutral, while the product_quality experience is negative.",availability,neutral,product_quality,negative
absa_01717,"The LearnHub has pricing that is negative, while the delivery experience is neutral.",pricing,negative,delivery,neutral
absa_01718,"The FreshMart has availability that is neutral, while the pricing experience is neutral.",availability,neutral,pricing,neutral
absa_01719,"The FreshMart has delivery that is positive, while the security experience is negative.",delivery,positive,security,negative
absa_01720,"The SwiftBank Mobile has performance that is neutral, while the security experience is neutral.",performance,neutral,security,neutral
absa_01721,"The LearnHub has usability that is negative, while the customer_support experience is negative.",usability,negative,customer_support,negative
absa_01722,"The ShopNow has delivery that is negative, while the availability experience is positive.",delivery,negative,availability,positive
absa_01723,"The LearnHub has availability that is positive, while the performance experience is negative.",availability,positive,performance,negative
absa_01724,"The LearnHub has customer_support that is positive, while the availability experience is negative.",customer_support,positive,availability,negative
absa_01725,"The PayWave Mobile App has pricing that is negative, while the performance experience is negative.",pricing,negative,performance,negative
absa_01726,"The QuickCash Wallet has product_quality that is positive, while the customer_support experience is neutral.",product_quality,positive,customer_support,neutral
absa_01727,"The HealthPlus has delivery that is positive, while the customer_support experience is neutral.",delivery,positive,customer_support,neutral
absa_01728,"The RideGo has performance that is positive, while the delivery experience is positive.",performance,positive,delivery,positive
absa_01729,"The LearnHub has performance that is neutral, while the security experience is negative.",performance,neutral,security,negative
absa_01730,"The ShopNow has product_quality that is positive, while the usability experience is positive.",product_quality,positive,usability,positive
absa_01731,"The HealthPlus has availability that is neutral, while the refund experience is negative.",availability,neutral,refund,negative
absa_01732,"The PayWave Mobile App has performance that is negative, while the customer_support experience is positive.",performance,negative,customer_support,positive
absa_01733,"The SwiftBank Mobile has security that is negative, while the usability experience is positive.",security,negative,usability,positive
absa_01734,"The SwiftBank Mobile has customer_support that is positive, while the pricing experience is positive.",customer_support,positive,pricing,positive
absa_01735,"The ShopNow has pricing that is negative, while the product_quality experience is negative.",pricing,negative,product_quality,negative
absa_01736,"The PayWave Mobile App has performance that is neutral, while the refund experience is negative.",performance,neutral,refund,negative
absa_01737,"The HealthPlus has security that is negative, while the customer_support experience is neutral.",security,negative,customer_support,neutral
absa_01738,"The SwiftBank Mobile has payment that is negative, while the product_quality experience is positive.",payment,negative,product_quality,positive
absa_01739,"The LearnHub has payment that is negative, while the customer_support experience is negative.",payment,negative,customer_support,negative
absa_01740,"The StreamBox has performance that is positive, while the payment experience is negative.",performance,positive,payment,negative
absa_01741,"The ShopNow has product_quality that is negative, while the refund experience is neutral.",product_quality,negative,refund,neutral
absa_01742,"The SwiftBank Mobile has availability that is negative, while the performance experience is neutral.",availability,negative,performance,neutral
absa_01743,"The HealthPlus has product_quality that is neutral, while the security experience is neutral.",product_quality,neutral,security,neutral
absa_01744,"The ShopNow has availability that is negative, while the performance experience is negative.",availability,negative,performance,negative
absa_01745,"The QuickCash Wallet has product_quality that is negative, while the pricing experience is negative.",product_quality,negative,pricing,negative
absa_01746,"The StreamBox has security that is positive, while the customer_support experience is positive.",security,positive,customer_support,positive
absa_01747,"The ShopNow has availability that is positive, while the product_quality experience is negative.",availability,positive,product_quality,negative
absa_01748,"The RideGo has usability that is negative, while the product_quality experience is positive.",usability,negative,product_quality,positive
absa_01749,"The HealthPlus has delivery that is positive, while the product_quality experience is negative.",delivery,positive,product_quality,negative
absa_01750,"The CloudDesk has usability that is positive, while the delivery experience is negative.",usability,positive,delivery,negative
absa_01751,"The CloudDesk has performance that is negative, while the usability experience is negative.",performance,negative,usability,negative
absa_01752,"The QuickCash Wallet has refund that is positive, while the usability experience is neutral.",refund,positive,usability,neutral
absa_01753,"The CloudDesk has pricing that is neutral, while the security experience is positive.",pricing,neutral,security,positive
absa_01754,"The FreshMart has performance that is negative, while the availability experience is neutral.",performance,negative,availability,neutral
absa_01755,"The CloudDesk has security that is negative, while the availability experience is neutral.",security,negative,availability,neutral
absa_01756,"The LearnHub has availability that is neutral, while the usability experience is negative.",availability,neutral,usability,negative
absa_01757,"The RideGo has refund that is negative, while the pricing experience is positive.",refund,negative,pricing,positive
absa_01758,"The RideGo has usability that is positive, while the delivery experience is positive.",usability,positive,delivery,positive
absa_01759,"The QuickCash Wallet has payment that is negative, while the pricing experience is neutral.",payment,negative,pricing,neutral
absa_01760,"The RideGo has performance that is positive, while the pricing experience is neutral.",performance,positive,pricing,neutral
absa_01761,"The SwiftBank Mobile has security that is negative, while the refund experience is neutral.",security,negative,refund,neutral
absa_01762,"The FreshMart has availability that is positive, while the delivery experience is positive.",availability,positive,delivery,positive
absa_01763,"The PayWave Mobile App has pricing that is neutral, while the usability experience is negative.",pricing,neutral,usability,negative
absa_01764,"The StreamBox has product_quality that is neutral, while the refund experience is negative.",product_quality,neutral,refund,negative
absa_01765,"The LearnHub has availability that is neutral, while the delivery experience is negative.",availability,neutral,delivery,negative
absa_01766,"The FreshMart has performance that is positive, while the refund experience is positive.",performance,positive,refund,positive
absa_01767,"The HealthPlus has usability that is positive, while the refund experience is positive.",usability,positive,refund,positive
absa_01768,"The LearnHub has performance that is negative, while the availability experience is negative.",performance,negative,availability,negative
absa_01769,"The CloudDesk has payment that is positive, while the performance experience is negative.",payment,positive,performance,negative
absa_01770,"The SwiftBank Mobile has customer_support that is negative, while the security experience is positive.",customer_support,negative,security,positive
absa_01771,"The PayWave Mobile App has security that is positive, while the delivery experience is negative.",security,positive,delivery,negative
absa_01772,"The LearnHub has customer_support that is positive, while the performance experience is positive.",customer_support,positive,performance,positive
absa_01773,"The PayWave Mobile App has pricing that is positive, while the usability experience is negative.",pricing,positive,usability,negative
absa_01774,"The ShopNow has customer_support that is positive, while the performance experience is neutral.",customer_support,positive,performance,neutral
absa_01775,"The RideGo has pricing that is neutral, while the customer_support experience is neutral.",pricing,neutral,customer_support,neutral
absa_01776,"The PayWave Mobile App has availability that is neutral, while the customer_support experience is negative.",availability,neutral,customer_support,negative
absa_01777,"The StreamBox has customer_support that is negative, while the delivery experience is neutral.",customer_support,negative,delivery,neutral
absa_01778,"The RideGo has customer_support that is negative, while the usability experience is neutral.",customer_support,negative,usability,neutral
absa_01779,"The LearnHub has availability that is positive, while the pricing experience is negative.",availability,positive,pricing,negative
absa_01780,"The FreshMart has product_quality that is neutral, while the customer_support experience is neutral.",product_quality,neutral,customer_support,neutral
absa_01781,"The ShopNow has delivery that is positive, while the pricing experience is neutral.",delivery,positive,pricing,neutral
absa_01782,"The QuickCash Wallet has usability that is neutral, while the delivery experience is neutral.",usability,neutral,delivery,neutral
absa_01783,"The CloudDesk has pricing that is negative, while the security experience is neutral.",pricing,negative,security,neutral
absa_01784,"The ShopNow has product_quality that is positive, while the security experience is positive.",product_quality,positive,security,positive
absa_01785,"The CloudDesk has delivery that is positive, while the customer_support experience is neutral.",delivery,positive,customer_support,neutral
absa_01786,"The HealthPlus has security that is negative, while the usability experience is positive.",security,negative,usability,positive
absa_01787,"The RideGo has usability that is negative, while the security experience is negative.",usability,negative,security,negative
absa_01788,"The CloudDesk has security that is negative, while the product_quality experience is positive.",security,negative,product_quality,positive
absa_01789,"The HealthPlus has customer_support that is positive, while the payment experience is negative.",customer_support,positive,payment,negative
absa_01790,"The RideGo has performance that is positive, while the payment experience is neutral.",performance,positive,payment,neutral
absa_01791,"The LearnHub has pricing that is neutral, while the performance experience is negative.",pricing,neutral,performance,negative
absa_01792,"The LearnHub has delivery that is positive, while the availability experience is neutral.",delivery,positive,availability,neutral
absa_01793,"The QuickCash Wallet has payment that is negative, while the availability experience is positive.",payment,negative,availability,positive
absa_01794,"The HealthPlus has pricing that is neutral, while the customer_support experience is negative.",pricing,neutral,customer_support,negative
absa_01795,"The RideGo has usability that is negative, while the pricing experience is neutral.",usability,negative,pricing,neutral
absa_01796,"The StreamBox has customer_support that is neutral, while the delivery experience is negative.",customer_support,neutral,delivery,negative
absa_01797,"The QuickCash Wallet has performance that is negative, while the pricing experience is neutral.",performance,negative,pricing,neutral
absa_01798,"The QuickCash Wallet has availability that is neutral, while the product_quality experience is neutral.",availability,neutral,product_quality,neutral
absa_01799,"The SwiftBank Mobile has usability that is positive, while the availability experience is positive.",usability,positive,availability,positive
absa_01800,"The StreamBox has usability that is negative, while the payment experience is positive.",usability,negative,payment,positive
absa_01801,"The StreamBox has security that is positive, while the usability experience is neutral.",security,positive,usability,neutral
absa_01802,"The StreamBox has availability that is neutral, while the delivery experience is negative.",availability,neutral,delivery,negative
absa_01803,"The ShopNow has performance that is neutral, while the pricing experience is positive.",performance,neutral,pricing,positive
absa_01804,"The ShopNow has pricing that is neutral, while the customer_support experience is neutral.",pricing,neutral,customer_support,neutral
absa_01805,"The StreamBox has delivery that is negative, while the security experience is neutral.",delivery,negative,security,neutral
absa_01806,"The CloudDesk has availability that is neutral, while the performance experience is neutral.",availability,neutral,performance,neutral
absa_01807,"The ShopNow has security that is neutral, while the payment experience is negative.",security,neutral,payment,negative
absa_01808,"The PayWave Mobile App has customer_support that is negative, while the payment experience is neutral.",customer_support,negative,payment,neutral
absa_01809,"The HealthPlus has customer_support that is positive, while the pricing experience is neutral.",customer_support,positive,pricing,neutral
absa_01810,"The PayWave Mobile App has payment that is neutral, while the security experience is positive.",payment,neutral,security,positive
absa_01811,"The ShopNow has product_quality that is positive, while the refund experience is negative.",product_quality,positive,refund,negative
absa_01812,"The LearnHub has pricing that is neutral, while the usability experience is neutral.",pricing,neutral,usability,neutral
absa_01813,"The CloudDesk has delivery that is negative, while the performance experience is negative.",delivery,negative,performance,negative
absa_01814,"The HealthPlus has security that is negative, while the product_quality experience is positive.",security,negative,product_quality,positive
absa_01815,"The ShopNow has refund that is positive, while the product_quality experience is neutral.",refund,positive,product_quality,neutral
absa_01816,"The PayWave Mobile App has payment that is negative, while the refund experience is neutral.",payment,negative,refund,neutral
absa_01817,"The HealthPlus has customer_support that is positive, while the security experience is negative.",customer_support,positive,security,negative
absa_01818,"The CloudDesk has usability that is positive, while the product_quality experience is positive.",usability,positive,product_quality,positive
absa_01819,"The SwiftBank Mobile has product_quality that is positive, while the delivery experience is neutral.",product_quality,positive,delivery,neutral
absa_01820,"The SwiftBank Mobile has customer_support that is neutral, while the payment experience is neutral.",customer_support,neutral,payment,neutral
absa_01821,"The HealthPlus has performance that is negative, while the delivery experience is negative.",performance,negative,delivery,negative
absa_01822,"The CloudDesk has payment that is positive, while the customer_support experience is neutral.",payment,positive,customer_support,neutral
absa_01823,"The StreamBox has customer_support that is neutral, while the refund experience is neutral.",customer_support,neutral,refund,neutral
absa_01824,"The QuickCash Wallet has product_quality that is positive, while the usability experience is positive.",product_quality,positive,usability,positive
absa_01825,"The StreamBox has availability that is positive, while the delivery experience is neutral.",availability,positive,delivery,neutral
absa_01826,"The PayWave Mobile App has security that is negative, while the performance experience is negative.",security,negative,performance,negative
absa_01827,"The CloudDesk has product_quality that is neutral, while the usability experience is negative.",product_quality,neutral,usability,negative
absa_01828,"The RideGo has performance that is positive, while the refund experience is negative.",performance,positive,refund,negative
absa_01829,"The SwiftBank Mobile has pricing that is negative, while the refund experience is negative.",pricing,negative,refund,negative
absa_01830,"The SwiftBank Mobile has product_quality that is negative, while the delivery experience is neutral.",product_quality,negative,delivery,neutral
absa_01831,"The LearnHub has product_quality that is neutral, while the refund experience is positive.",product_quality,neutral,refund,positive
absa_01832,"The FreshMart has security that is neutral, while the pricing experience is negative.",security,neutral,pricing,negative
absa_01833,"The ShopNow has pricing that is neutral, while the refund experience is neutral.",pricing,neutral,refund,neutral
absa_01834,"The QuickCash Wallet has refund that is positive, while the usability experience is positive.",refund,positive,usability,positive
absa_01835,"The PayWave Mobile App has availability that is neutral, while the payment experience is negative.",availability,neutral,payment,negative
absa_01836,"The ShopNow has customer_support that is neutral, while the availability experience is positive.",customer_support,neutral,availability,positive
absa_01837,"The RideGo has delivery that is neutral, while the payment experience is positive.",delivery,neutral,payment,positive
absa_01838,"The PayWave Mobile App has delivery that is negative, while the payment experience is negative.",delivery,negative,payment,negative
absa_01839,"The FreshMart has availability that is neutral, while the delivery experience is positive.",availability,neutral,delivery,positive
absa_01840,"The StreamBox has payment that is positive, while the delivery experience is positive.",payment,positive,delivery,positive
absa_01841,"The QuickCash Wallet has product_quality that is neutral, while the performance experience is positive.",product_quality,neutral,performance,positive
absa_01842,"The QuickCash Wallet has availability that is positive, while the customer_support experience is neutral.",availability,positive,customer_support,neutral
absa_01843,"The FreshMart has delivery that is neutral, while the performance experience is positive.",delivery,neutral,performance,positive
absa_01844,"The ShopNow has product_quality that is negative, while the refund experience is positive.",product_quality,negative,refund,positive
absa_01845,"The LearnHub has product_quality that is negative, while the usability experience is neutral.",product_quality,negative,usability,neutral
absa_01846,"The ShopNow has delivery that is neutral, while the availability experience is negative.",delivery,neutral,availability,negative
absa_01847,"The RideGo has availability that is positive, while the customer_support experience is positive.",availability,positive,customer_support,positive
absa_01848,"The RideGo has performance that is neutral, while the usability experience is negative.",performance,neutral,usability,negative
absa_01849,"The SwiftBank Mobile has availability that is negative, while the customer_support experience is positive.",availability,negative,customer_support,positive
absa_01850,"The FreshMart has performance that is neutral, while the delivery experience is negative.",performance,neutral,delivery,negative
absa_01851,"The HealthPlus has product_quality that is positive, while the refund experience is negative.",product_quality,positive,refund,negative
absa_01852,"The FreshMart has customer_support that is negative, while the refund experience is neutral.",customer_support,negative,refund,neutral
absa_01853,"The QuickCash Wallet has usability that is negative, while the refund experience is neutral.",usability,negative,refund,neutral
absa_01854,"The CloudDesk has customer_support that is positive, while the pricing experience is neutral.",customer_support,positive,pricing,neutral
absa_01855,"The PayWave Mobile App has security that is positive, while the availability experience is negative.",security,positive,availability,negative
absa_01856,"The QuickCash Wallet has payment that is negative, while the customer_support experience is neutral.",payment,negative,customer_support,neutral
absa_01857,"The QuickCash Wallet has usability that is negative, while the security experience is positive.",usability,negative,security,positive
absa_01858,"The CloudDesk has customer_support that is positive, while the performance experience is negative.",customer_support,positive,performance,negative
absa_01859,"The QuickCash Wallet has refund that is neutral, while the availability experience is negative.",refund,neutral,availability,negative
absa_01860,"The LearnHub has delivery that is neutral, while the refund experience is negative.",delivery,neutral,refund,negative
absa_01861,"The RideGo has payment that is neutral, while the usability experience is neutral.",payment,neutral,usability,neutral
absa_01862,"The PayWave Mobile App has refund that is positive, while the delivery experience is positive.",refund,positive,delivery,positive
absa_01863,"The SwiftBank Mobile has security that is neutral, while the usability experience is negative.",security,neutral,usability,negative
absa_01864,"The SwiftBank Mobile has usability that is neutral, while the availability experience is positive.",usability,neutral,availability,positive
absa_01865,"The LearnHub has delivery that is negative, while the security experience is neutral.",delivery,negative,security,neutral
absa_01866,"The QuickCash Wallet has delivery that is neutral, while the refund experience is positive.",delivery,neutral,refund,positive
absa_01867,"The CloudDesk has payment that is negative, while the security experience is neutral.",payment,negative,security,neutral
absa_01868,"The LearnHub has product_quality that is negative, while the refund experience is negative.",product_quality,negative,refund,negative
absa_01869,"The ShopNow has security that is neutral, while the pricing experience is negative.",security,neutral,pricing,negative
absa_01870,"The LearnHub has product_quality that is neutral, while the payment experience is negative.",product_quality,neutral,payment,negative
absa_01871,"The SwiftBank Mobile has pricing that is neutral, while the payment experience is neutral.",pricing,neutral,payment,neutral
absa_01872,"The QuickCash Wallet has availability that is negative, while the usability experience is neutral.",availability,negative,usability,neutral
absa_01873,"The LearnHub has product_quality that is negative, while the performance experience is neutral.",product_quality,negative,performance,neutral
absa_01874,"The PayWave Mobile App has product_quality that is positive, while the refund experience is negative.",product_quality,positive,refund,negative
absa_01875,"The StreamBox has product_quality that is negative, while the security experience is positive.",product_quality,negative,security,positive
absa_01876,"The QuickCash Wallet has pricing that is negative, while the refund experience is neutral.",pricing,negative,refund,neutral
absa_01877,"The RideGo has refund that is negative, while the performance experience is negative.",refund,negative,performance,negative
absa_01878,"The HealthPlus has customer_support that is neutral, while the usability experience is negative.",customer_support,neutral,usability,negative
absa_01879,"The ShopNow has product_quality that is negative, while the pricing experience is positive.",product_quality,negative,pricing,positive
absa_01880,"The FreshMart has delivery that is neutral, while the availability experience is positive.",delivery,neutral,availability,positive
absa_01881,"The RideGo has delivery that is neutral, while the pricing experience is positive.",delivery,neutral,pricing,positive
absa_01882,"The LearnHub has product_quality that is neutral, while the pricing experience is positive.",product_quality,neutral,pricing,positive
absa_01883,"The RideGo has availability that is neutral, while the product_quality experience is negative.",availability,neutral,product_quality,negative
absa_01884,"The SwiftBank Mobile has pricing that is neutral, while the product_quality experience is neutral.",pricing,neutral,product_quality,neutral
absa_01885,"The StreamBox has pricing that is positive, while the delivery experience is positive.",pricing,positive,delivery,positive
absa_01886,"The RideGo has customer_support that is negative, while the performance experience is negative.",customer_support,negative,performance,negative
absa_01887,"The ShopNow has usability that is neutral, while the availability experience is neutral.",usability,neutral,availability,neutral
absa_01888,"The CloudDesk has refund that is positive, while the payment experience is negative.",refund,positive,payment,negative
absa_01889,"The QuickCash Wallet has delivery that is neutral, while the product_quality experience is negative.",delivery,neutral,product_quality,negative
absa_01890,"The CloudDesk has payment that is neutral, while the availability experience is positive.",payment,neutral,availability,positive
absa_01891,"The LearnHub has payment that is negative, while the delivery experience is negative.",payment,negative,delivery,negative
absa_01892,"The StreamBox has refund that is positive, while the pricing experience is positive.",refund,positive,pricing,positive
absa_01893,"The QuickCash Wallet has security that is neutral, while the customer_support experience is negative.",security,neutral,customer_support,negative
absa_01894,"The HealthPlus has delivery that is positive, while the product_quality experience is neutral.",delivery,positive,product_quality,neutral
absa_01895,"The CloudDesk has availability that is neutral, while the pricing experience is neutral.",availability,neutral,pricing,neutral
absa_01896,"The PayWave Mobile App has usability that is neutral, while the payment experience is neutral.",usability,neutral,payment,neutral
absa_01897,"The PayWave Mobile App has availability that is neutral, while the customer_support experience is negative.",availability,neutral,customer_support,negative
absa_01898,"The PayWave Mobile App has availability that is neutral, while the usability experience is neutral.",availability,neutral,usability,neutral
absa_01899,"The LearnHub has refund that is negative, while the usability experience is negative.",refund,negative,usability,negative
absa_01900,"The ShopNow has product_quality that is positive, while the refund experience is positive.",product_quality,positive,refund,positive
absa_01901,"The LearnHub has pricing that is negative, while the delivery experience is neutral.",pricing,negative,delivery,neutral
absa_01902,"The LearnHub has customer_support that is positive, while the security experience is neutral.",customer_support,positive,security,neutral
absa_01903,"The ShopNow has performance that is negative, while the security experience is positive.",performance,negative,security,positive
absa_01904,"The SwiftBank Mobile has product_quality that is neutral, while the availability experience is neutral.",product_quality,neutral,availability,neutral
absa_01905,"The SwiftBank Mobile has availability that is negative, while the security experience is negative.",availability,negative,security,negative
absa_01906,"The ShopNow has pricing that is negative, while the usability experience is negative.",pricing,negative,usability,negative
absa_01907,"The FreshMart has refund that is neutral, while the delivery experience is negative.",refund,neutral,delivery,negative
absa_01908,"The StreamBox has usability that is positive, while the delivery experience is neutral.",usability,positive,delivery,neutral
absa_01909,"The PayWave Mobile App has customer_support that is negative, while the refund experience is positive.",customer_support,negative,refund,positive
absa_01910,"The FreshMart has usability that is negative, while the availability experience is neutral.",usability,negative,availability,neutral
absa_01911,"The PayWave Mobile App has payment that is neutral, while the product_quality experience is positive.",payment,neutral,product_quality,positive
absa_01912,"The QuickCash Wallet has usability that is positive, while the delivery experience is neutral.",usability,positive,delivery,neutral
absa_01913,"The HealthPlus has payment that is neutral, while the availability experience is positive.",payment,neutral,availability,positive
absa_01914,"The StreamBox has customer_support that is positive, while the delivery experience is positive.",customer_support,positive,delivery,positive
absa_01915,"The CloudDesk has availability that is negative, while the delivery experience is neutral.",availability,negative,delivery,neutral
absa_01916,"The StreamBox has refund that is neutral, while the payment experience is neutral.",refund,neutral,payment,neutral
absa_01917,"The HealthPlus has delivery that is positive, while the security experience is negative.",delivery,positive,security,negative
absa_01918,"The LearnHub has payment that is positive, while the availability experience is negative.",payment,positive,availability,negative
absa_01919,"The StreamBox has security that is positive, while the payment experience is positive.",security,positive,payment,positive
absa_01920,"The CloudDesk has product_quality that is positive, while the delivery experience is positive.",product_quality,positive,delivery,positive
absa_01921,"The PayWave Mobile App has payment that is negative, while the usability experience is neutral.",payment,negative,usability,neutral
absa_01922,"The QuickCash Wallet has customer_support that is neutral, while the payment experience is positive.",customer_support,neutral,payment,positive
absa_01923,"The FreshMart has payment that is positive, while the availability experience is negative.",payment,positive,availability,negative
absa_01924,"The LearnHub has payment that is negative, while the performance experience is positive.",payment,negative,performance,positive
absa_01925,"The StreamBox has delivery that is positive, while the refund experience is neutral.",delivery,positive,refund,neutral
absa_01926,"The PayWave Mobile App has payment that is neutral, while the availability experience is neutral.",payment,neutral,availability,neutral
absa_01927,"The RideGo has product_quality that is positive, while the customer_support experience is neutral.",product_quality,positive,customer_support,neutral
absa_01928,"The CloudDesk has security that is negative, while the availability experience is neutral.",security,negative,availability,neutral
absa_01929,"The FreshMart has customer_support that is positive, while the usability experience is positive.",customer_support,positive,usability,positive
absa_01930,"The ShopNow has product_quality that is neutral, while the pricing experience is negative.",product_quality,neutral,pricing,negative
absa_01931,"The LearnHub has security that is positive, while the availability experience is neutral.",security,positive,availability,neutral
absa_01932,"The HealthPlus has performance that is neutral, while the availability experience is neutral.",performance,neutral,availability,neutral
absa_01933,"The CloudDesk has product_quality that is negative, while the payment experience is negative.",product_quality,negative,payment,negative
absa_01934,"The StreamBox has refund that is neutral, while the product_quality experience is negative.",refund,neutral,product_quality,negative
absa_01935,"The CloudDesk has delivery that is positive, while the product_quality experience is neutral.",delivery,positive,product_quality,neutral
absa_01936,"The RideGo has product_quality that is neutral, while the security experience is positive.",product_quality,neutral,security,positive
absa_01937,"The ShopNow has product_quality that is positive, while the availability experience is negative.",product_quality,positive,availability,negative
absa_01938,"The ShopNow has customer_support that is neutral, while the delivery experience is negative.",customer_support,neutral,delivery,negative
absa_01939,"The HealthPlus has refund that is neutral, while the payment experience is neutral.",refund,neutral,payment,neutral
absa_01940,"The HealthPlus has pricing that is negative, while the delivery experience is negative.",pricing,negative,delivery,negative
absa_01941,"The CloudDesk has security that is negative, while the usability experience is positive.",security,negative,usability,positive
absa_01942,"The CloudDesk has performance that is neutral, while the product_quality experience is negative.",performance,neutral,product_quality,negative
absa_01943,"The HealthPlus has product_quality that is negative, while the performance experience is positive.",product_quality,negative,performance,positive
absa_01944,"The FreshMart has delivery that is neutral, while the security experience is negative.",delivery,neutral,security,negative
absa_01945,"The ShopNow has usability that is neutral, while the customer_support experience is neutral.",usability,neutral,customer_support,neutral
absa_01946,"The StreamBox has security that is neutral, while the payment experience is positive.",security,neutral,payment,positive
absa_01947,"The HealthPlus has customer_support that is negative, while the availability experience is negative.",customer_support,negative,availability,negative
absa_01948,"The PayWave Mobile App has refund that is positive, while the availability experience is negative.",refund,positive,availability,negative
absa_01949,"The CloudDesk has delivery that is negative, while the product_quality experience is neutral.",delivery,negative,product_quality,neutral
absa_01950,"The HealthPlus has usability that is positive, while the performance experience is negative.",usability,positive,performance,negative
absa_01951,"The HealthPlus has performance that is neutral, while the payment experience is neutral.",performance,neutral,payment,neutral
absa_01952,"The FreshMart has performance that is neutral, while the delivery experience is neutral.",performance,neutral,delivery,neutral
absa_01953,"The QuickCash Wallet has security that is negative, while the product_quality experience is positive.",security,negative,product_quality,positive
absa_01954,"The ShopNow has security that is positive, while the pricing experience is negative.",security,positive,pricing,negative
absa_01955,"The CloudDesk has usability that is negative, while the product_quality experience is positive.",usability,negative,product_quality,positive
absa_01956,"The RideGo has delivery that is neutral, while the product_quality experience is positive.",delivery,neutral,product_quality,positive
absa_01957,"The CloudDesk has pricing that is neutral, while the performance experience is neutral.",pricing,neutral,performance,neutral
absa_01958,"The SwiftBank Mobile has security that is positive, while the performance experience is negative.",security,positive,performance,negative
absa_01959,"The LearnHub has usability that is negative, while the security experience is negative.",usability,negative,security,negative
absa_01960,"The StreamBox has security that is neutral, while the usability experience is negative.",security,neutral,usability,negative
absa_01961,"The QuickCash Wallet has availability that is neutral, while the product_quality experience is neutral.",availability,neutral,product_quality,neutral
absa_01962,"The LearnHub has delivery that is neutral, while the pricing experience is neutral.",delivery,neutral,pricing,neutral
absa_01963,"The CloudDesk has usability that is negative, while the delivery experience is positive.",usability,negative,delivery,positive
absa_01964,"The LearnHub has performance that is neutral, while the usability experience is negative.",performance,neutral,usability,negative
absa_01965,"The ShopNow has usability that is positive, while the availability experience is positive.",usability,positive,availability,positive
absa_01966,"The SwiftBank Mobile has availability that is negative, while the usability experience is positive.",availability,negative,usability,positive
absa_01967,"The QuickCash Wallet has availability that is negative, while the usability experience is negative.",availability,negative,usability,negative
absa_01968,"The HealthPlus has payment that is positive, while the usability experience is negative.",payment,positive,usability,negative
absa_01969,"The ShopNow has performance that is negative, while the availability experience is positive.",performance,negative,availability,positive
absa_01970,"The LearnHub has payment that is positive, while the customer_support experience is positive.",payment,positive,customer_support,positive
absa_01971,"The QuickCash Wallet has security that is negative, while the performance experience is neutral.",security,negative,performance,neutral
absa_01972,"The QuickCash Wallet has product_quality that is positive, while the performance experience is neutral.",product_quality,positive,performance,neutral
absa_01973,"The HealthPlus has refund that is positive, while the product_quality experience is negative.",refund,positive,product_quality,negative
absa_01974,"The ShopNow has availability that is negative, while the refund experience is neutral.",availability,negative,refund,neutral
absa_01975,"The HealthPlus has performance that is neutral, while the availability experience is neutral.",performance,neutral,availability,neutral
absa_01976,"The ShopNow has delivery that is positive, while the performance experience is positive.",delivery,positive,performance,positive
absa_01977,"The QuickCash Wallet has delivery that is neutral, while the pricing experience is negative.",delivery,neutral,pricing,negative
absa_01978,"The HealthPlus has refund that is neutral, while the delivery experience is positive.",refund,neutral,delivery,positive
absa_01979,"The ShopNow has availability that is positive, while the pricing experience is positive.",availability,positive,pricing,positive
absa_01980,"The CloudDesk has delivery that is neutral, while the product_quality experience is neutral.",delivery,neutral,product_quality,neutral
absa_01981,"The ShopNow has delivery that is negative, while the availability experience is positive.",delivery,negative,availability,positive
absa_01982,"The FreshMart has availability that is negative, while the pricing experience is negative.",availability,negative,pricing,negative
absa_01983,"The HealthPlus has security that is negative, while the delivery experience is positive.",security,negative,delivery,positive
absa_01984,"The FreshMart has pricing that is neutral, while the product_quality experience is neutral.",pricing,neutral,product_quality,neutral
absa_01985,"The CloudDesk has refund that is neutral, while the delivery experience is neutral.",refund,neutral,delivery,neutral
absa_01986,"The CloudDesk has pricing that is neutral, while the performance experience is neutral.",pricing,neutral,performance,neutral
absa_01987,"The QuickCash Wallet has product_quality that is positive, while the security experience is positive.",product_quality,positive,security,positive
absa_01988,"The HealthPlus has delivery that is negative, while the refund experience is neutral.",delivery,negative,refund,neutral
absa_01989,"The ShopNow has payment that is positive, while the usability experience is negative.",payment,positive,usability,negative
absa_01990,"The LearnHub has payment that is neutral, while the product_quality experience is neutral.",payment,neutral,product_quality,neutral
absa_01991,"The QuickCash Wallet has payment that is negative, while the delivery experience is neutral.",payment,negative,delivery,neutral
absa_01992,"The LearnHub has refund that is positive, while the performance experience is negative.",refund,positive,performance,negative
absa_01993,"The CloudDesk has availability that is positive, while the product_quality experience is neutral.",availability,positive,product_quality,neutral
absa_01994,"The FreshMart has availability that is neutral, while the customer_support experience is neutral.",availability,neutral,customer_support,neutral
absa_01995,"The QuickCash Wallet has delivery that is positive, while the customer_support experience is positive.",delivery,positive,customer_support,positive
absa_01996,"The ShopNow has refund that is positive, while the availability experience is positive.",refund,positive,availability,positive
absa_01997,"The RideGo has usability that is positive, while the performance experience is positive.",usability,positive,performance,positive
absa_01998,"The LearnHub has performance that is negative, while the availability experience is positive.",performance,negative,availability,positive
absa_01999,"The FreshMart has pricing that is negative, while the product_quality experience is neutral.",pricing,negative,product_quality,neutral
absa_02000,"The QuickCash Wallet has availability that is positive, while the customer_support experience is negative.",availability,positive,customer_support,negative
absa_02001,"The PayWave Mobile App has payment that is negative, while the security experience is positive.",payment,negative,security,positive
absa_02002,"The FreshMart has pricing that is neutral, while the usability experience is positive.",pricing,neutral,usability,positive
absa_02003,"The RideGo has performance that is neutral, while the customer_support experience is positive.",performance,neutral,customer_support,positive
absa_02004,"The StreamBox has pricing that is neutral, while the delivery experience is negative.",pricing,neutral,delivery,negative
absa_02005,"The CloudDesk has refund that is positive, while the availability experience is positive.",refund,positive,availability,positive
absa_02006,"The SwiftBank Mobile has refund that is neutral, while the security experience is negative.",refund,neutral,security,negative
absa_02007,"The ShopNow has performance that is positive, while the customer_support experience is neutral.",performance,positive,customer_support,neutral
absa_02008,"The CloudDesk has security that is neutral, while the performance experience is neutral.",security,neutral,performance,neutral
absa_02009,"The QuickCash Wallet has delivery that is neutral, while the pricing experience is negative.",delivery,neutral,pricing,negative
absa_02010,"The RideGo has availability that is positive, while the payment experience is negative.",availability,positive,payment,negative
absa_02011,"The StreamBox has delivery that is negative, while the refund experience is negative.",delivery,negative,refund,negative
absa_02012,"The RideGo has security that is negative, while the refund experience is neutral.",security,negative,refund,neutral
absa_02013,"The PayWave Mobile App has usability that is negative, while the payment experience is negative.",usability,negative,payment,negative
absa_02014,"The StreamBox has delivery that is neutral, while the customer_support experience is positive.",delivery,neutral,customer_support,positive
absa_02015,"The PayWave Mobile App has availability that is positive, while the delivery experience is negative.",availability,positive,delivery,negative
absa_02016,"The CloudDesk has usability that is positive, while the refund experience is neutral.",usability,positive,refund,neutral
absa_02017,"The ShopNow has customer_support that is neutral, while the performance experience is positive.",customer_support,neutral,performance,positive
absa_02018,"The LearnHub has security that is negative, while the refund experience is positive.",security,negative,refund,positive
absa_02019,"The PayWave Mobile App has performance that is negative, while the usability experience is negative.",performance,negative,usability,negative
absa_02020,"The HealthPlus has product_quality that is neutral, while the payment experience is neutral.",product_quality,neutral,payment,neutral
absa_02021,"The HealthPlus has payment that is neutral, while the performance experience is positive.",payment,neutral,performance,positive
absa_02022,"The RideGo has customer_support that is neutral, while the usability experience is positive.",customer_support,neutral,usability,positive
absa_02023,"The HealthPlus has usability that is positive, while the refund experience is negative.",usability,positive,refund,negative
absa_02024,"The FreshMart has pricing that is positive, while the delivery experience is neutral.",pricing,positive,delivery,neutral
absa_02025,"The CloudDesk has usability that is neutral, while the payment experience is positive.",usability,neutral,payment,positive
absa_02026,"The LearnHub has availability that is positive, while the security experience is positive.",availability,positive,security,positive
absa_02027,"The ShopNow has usability that is positive, while the refund experience is negative.",usability,positive,refund,negative
absa_02028,"The HealthPlus has customer_support that is negative, while the performance experience is neutral.",customer_support,negative,performance,neutral
absa_02029,"The HealthPlus has customer_support that is neutral, while the pricing experience is negative.",customer_support,neutral,pricing,negative
absa_02030,"The PayWave Mobile App has customer_support that is positive, while the delivery experience is positive.",customer_support,positive,delivery,positive
absa_02031,"The LearnHub has payment that is negative, while the customer_support experience is positive.",payment,negative,customer_support,positive
absa_02032,"The SwiftBank Mobile has security that is positive, while the delivery experience is positive.",security,positive,delivery,positive
absa_02033,"The ShopNow has payment that is positive, while the product_quality experience is neutral.",payment,positive,product_quality,neutral
absa_02034,"The QuickCash Wallet has pricing that is positive, while the refund experience is neutral.",pricing,positive,refund,neutral
absa_02035,"The SwiftBank Mobile has usability that is negative, while the pricing experience is neutral.",usability,negative,pricing,neutral
absa_02036,"The PayWave Mobile App has pricing that is neutral, while the availability experience is neutral.",pricing,neutral,availability,neutral
absa_02037,"The ShopNow has usability that is negative, while the performance experience is neutral.",usability,negative,performance,neutral
absa_02038,"The FreshMart has availability that is neutral, while the performance experience is negative.",availability,neutral,performance,negative
absa_02039,"The ShopNow has refund that is positive, while the payment experience is negative.",refund,positive,payment,negative
absa_02040,"The RideGo has usability that is positive, while the refund experience is negative.",usability,positive,refund,negative
absa_02041,"The CloudDesk has security that is positive, while the performance experience is positive.",security,positive,performance,positive
absa_02042,"The SwiftBank Mobile has customer_support that is positive, while the delivery experience is neutral.",customer_support,positive,delivery,neutral
absa_02043,"The LearnHub has usability that is neutral, while the delivery experience is negative.",usability,neutral,delivery,negative
absa_02044,"The FreshMart has payment that is positive, while the delivery experience is positive.",payment,positive,delivery,positive
absa_02045,"The HealthPlus has product_quality that is neutral, while the usability experience is positive.",product_quality,neutral,usability,positive
absa_02046,"The QuickCash Wallet has customer_support that is neutral, while the usability experience is positive.",customer_support,neutral,usability,positive
absa_02047,"The PayWave Mobile App has availability that is neutral, while the usability experience is positive.",availability,neutral,usability,positive
absa_02048,"The SwiftBank Mobile has availability that is negative, while the security experience is neutral.",availability,negative,security,neutral
absa_02049,"The QuickCash Wallet has security that is positive, while the customer_support experience is neutral.",security,positive,customer_support,neutral
absa_02050,"The StreamBox has usability that is negative, while the availability experience is neutral.",usability,negative,availability,neutral
absa_02051,"The CloudDesk has security that is positive, while the performance experience is positive.",security,positive,performance,positive
absa_02052,"The FreshMart has usability that is neutral, while the pricing experience is positive.",usability,neutral,pricing,positive
absa_02053,"The CloudDesk has availability that is neutral, while the security experience is neutral.",availability,neutral,security,neutral
absa_02054,"The StreamBox has pricing that is neutral, while the usability experience is neutral.",pricing,neutral,usability,neutral
absa_02055,"The RideGo has customer_support that is positive, while the payment experience is negative.",customer_support,positive,payment,negative
absa_02056,"The CloudDesk has usability that is positive, while the payment experience is negative.",usability,positive,payment,negative
absa_02057,"The QuickCash Wallet has usability that is positive, while the customer_support experience is positive.",usability,positive,customer_support,positive
absa_02058,"The QuickCash Wallet has delivery that is neutral, while the security experience is neutral.",delivery,neutral,security,neutral
absa_02059,"The LearnHub has refund that is positive, while the customer_support experience is neutral.",refund,positive,customer_support,neutral
absa_02060,"The LearnHub has security that is neutral, while the performance experience is positive.",security,neutral,performance,positive
absa_02061,"The LearnHub has product_quality that is negative, while the pricing experience is positive.",product_quality,negative,pricing,positive
absa_02062,"The QuickCash Wallet has refund that is neutral, while the performance experience is positive.",refund,neutral,performance,positive
absa_02063,"The ShopNow has refund that is positive, while the delivery experience is neutral.",refund,positive,delivery,neutral
absa_02064,"The QuickCash Wallet has payment that is negative, while the delivery experience is neutral.",payment,negative,delivery,neutral
absa_02065,"The ShopNow has customer_support that is negative, while the pricing experience is negative.",customer_support,negative,pricing,negative
absa_02066,"The ShopNow has pricing that is neutral, while the availability experience is positive.",pricing,neutral,availability,positive
absa_02067,"The SwiftBank Mobile has usability that is positive, while the performance experience is positive.",usability,positive,performance,positive
absa_02068,"The StreamBox has delivery that is neutral, while the pricing experience is positive.",delivery,neutral,pricing,positive
absa_02069,"The RideGo has product_quality that is negative, while the pricing experience is negative.",product_quality,negative,pricing,negative
absa_02070,"The FreshMart has security that is positive, while the refund experience is positive.",security,positive,refund,positive
absa_02071,"The PayWave Mobile App has usability that is positive, while the security experience is neutral.",usability,positive,security,neutral
absa_02072,"The FreshMart has performance that is negative, while the usability experience is neutral.",performance,negative,usability,neutral
absa_02073,"The RideGo has usability that is negative, while the refund experience is negative.",usability,negative,refund,negative
absa_02074,"The PayWave Mobile App has product_quality that is negative, while the performance experience is positive.",product_quality,negative,performance,positive
absa_02075,"The PayWave Mobile App has product_quality that is negative, while the refund experience is positive.",product_quality,negative,refund,positive
absa_02076,"The LearnHub has product_quality that is neutral, while the availability experience is neutral.",product_quality,neutral,availability,neutral
absa_02077,"The PayWave Mobile App has payment that is negative, while the performance experience is neutral.",payment,negative,performance,neutral
absa_02078,"The RideGo has customer_support that is neutral, while the performance experience is negative.",customer_support,neutral,performance,negative
absa_02079,"The SwiftBank Mobile has performance that is neutral, while the delivery experience is negative.",performance,neutral,delivery,negative
absa_02080,"The HealthPlus has usability that is positive, while the pricing experience is negative.",usability,positive,pricing,negative
absa_02081,"The PayWave Mobile App has performance that is positive, while the availability experience is positive.",performance,positive,availability,positive
absa_02082,"The PayWave Mobile App has refund that is neutral, while the customer_support experience is negative.",refund,neutral,customer_support,negative
absa_02083,"The ShopNow has customer_support that is negative, while the usability experience is neutral.",customer_support,negative,usability,neutral
absa_02084,"The RideGo has payment that is negative, while the usability experience is negative.",payment,negative,usability,negative
absa_02085,"The SwiftBank Mobile has customer_support that is positive, while the usability experience is negative.",customer_support,positive,usability,negative
absa_02086,"The PayWave Mobile App has performance that is negative, while the security experience is neutral.",performance,negative,security,neutral
absa_02087,"The StreamBox has delivery that is neutral, while the payment experience is neutral.",delivery,neutral,payment,neutral
absa_02088,"The ShopNow has performance that is neutral, while the delivery experience is neutral.",performance,neutral,delivery,neutral
absa_02089,"The HealthPlus has delivery that is negative, while the pricing experience is neutral.",delivery,negative,pricing,neutral
absa_02090,"The CloudDesk has usability that is neutral, while the payment experience is neutral.",usability,neutral,payment,neutral
absa_02091,"The CloudDesk has security that is neutral, while the availability experience is positive.",security,neutral,availability,positive
absa_02092,"The CloudDesk has refund that is positive, while the performance experience is neutral.",refund,positive,performance,neutral
absa_02093,"The ShopNow has payment that is positive, while the product_quality experience is positive.",payment,positive,product_quality,positive
absa_02094,"The CloudDesk has product_quality that is negative, while the availability experience is positive.",product_quality,negative,availability,positive
absa_02095,"The HealthPlus has product_quality that is negative, while the refund experience is negative.",product_quality,negative,refund,negative
absa_02096,"The FreshMart has usability that is negative, while the pricing experience is negative.",usability,negative,pricing,negative
absa_02097,"The CloudDesk has refund that is neutral, while the security experience is neutral.",refund,neutral,security,neutral
absa_02098,"The SwiftBank Mobile has product_quality that is positive, while the performance experience is negative.",product_quality,positive,performance,negative
absa_02099,"The CloudDesk has pricing that is neutral, while the security experience is neutral.",pricing,neutral,security,neutral
absa_02100,"The ShopNow has usability that is positive, while the pricing experience is negative.",usability,positive,pricing,negative
absa_02101,"The CloudDesk has security that is positive, while the refund experience is positive.",security,positive,refund,positive
absa_02102,"The StreamBox has delivery that is positive, while the performance experience is neutral.",delivery,positive,performance,neutral
absa_02103,"The CloudDesk has delivery that is neutral, while the payment experience is neutral.",delivery,neutral,payment,neutral
absa_02104,"The FreshMart has availability that is positive, while the product_quality experience is neutral.",availability,positive,product_quality,neutral
absa_02105,"The PayWave Mobile App has refund that is negative, while the performance experience is negative.",refund,negative,performance,negative
absa_02106,"The QuickCash Wallet has refund that is neutral, while the product_quality experience is positive.",refund,neutral,product_quality,positive
absa_02107,"The CloudDesk has payment that is neutral, while the availability experience is positive.",payment,neutral,availability,positive
absa_02108,"The ShopNow has customer_support that is neutral, while the performance experience is positive.",customer_support,neutral,performance,positive
absa_02109,"The SwiftBank Mobile has pricing that is negative, while the refund experience is negative.",pricing,negative,refund,negative
absa_02110,"The HealthPlus has product_quality that is negative, while the pricing experience is neutral.",product_quality,negative,pricing,neutral
absa_02111,"The SwiftBank Mobile has usability that is negative, while the customer_support experience is positive.",usability,negative,customer_support,positive
absa_02112,"The LearnHub has pricing that is positive, while the customer_support experience is positive.",pricing,positive,customer_support,positive
absa_02113,"The SwiftBank Mobile has product_quality that is positive, while the payment experience is neutral.",product_quality,positive,payment,neutral
absa_02114,"The HealthPlus has performance that is positive, while the availability experience is neutral.",performance,positive,availability,neutral
absa_02115,"The ShopNow has customer_support that is negative, while the security experience is negative.",customer_support,negative,security,negative
absa_02116,"The SwiftBank Mobile has delivery that is neutral, while the usability experience is positive.",delivery,neutral,usability,positive
absa_02117,"The CloudDesk has performance that is positive, while the pricing experience is neutral.",performance,positive,pricing,neutral
absa_02118,"The StreamBox has pricing that is neutral, while the usability experience is negative.",pricing,neutral,usability,negative
absa_02119,"The LearnHub has performance that is positive, while the delivery experience is neutral.",performance,positive,delivery,neutral
absa_02120,"The FreshMart has refund that is negative, while the availability experience is neutral.",refund,negative,availability,neutral
absa_02121,"The PayWave Mobile App has refund that is positive, while the payment experience is positive.",refund,positive,payment,positive
absa_02122,"The HealthPlus has product_quality that is neutral, while the customer_support experience is positive.",product_quality,neutral,customer_support,positive
absa_02123,"The RideGo has refund that is negative, while the delivery experience is negative.",refund,negative,delivery,negative
absa_02124,"The SwiftBank Mobile has payment that is positive, while the availability experience is negative.",payment,positive,availability,negative
absa_02125,"The HealthPlus has availability that is negative, while the pricing experience is positive.",availability,negative,pricing,positive
absa_02126,"The SwiftBank Mobile has payment that is neutral, while the usability experience is negative.",payment,neutral,usability,negative
absa_02127,"The StreamBox has usability that is negative, while the product_quality experience is negative.",usability,negative,product_quality,negative
absa_02128,"The HealthPlus has refund that is positive, while the pricing experience is negative.",refund,positive,pricing,negative
absa_02129,"The RideGo has customer_support that is negative, while the security experience is neutral.",customer_support,negative,security,neutral
absa_02130,"The FreshMart has delivery that is positive, while the performance experience is neutral.",delivery,positive,performance,neutral
absa_02131,"The PayWave Mobile App has security that is neutral, while the usability experience is positive.",security,neutral,usability,positive
absa_02132,"The StreamBox has product_quality that is neutral, while the availability experience is positive.",product_quality,neutral,availability,positive
absa_02133,"The SwiftBank Mobile has performance that is positive, while the refund experience is negative.",performance,positive,refund,negative
absa_02134,"The SwiftBank Mobile has usability that is negative, while the performance experience is positive.",usability,negative,performance,positive
absa_02135,"The FreshMart has performance that is negative, while the customer_support experience is neutral.",performance,negative,customer_support,neutral
absa_02136,"The PayWave Mobile App has payment that is neutral, while the usability experience is neutral.",payment,neutral,usability,neutral
absa_02137,"The StreamBox has pricing that is neutral, while the usability experience is positive.",pricing,neutral,usability,positive
absa_02138,"The PayWave Mobile App has product_quality that is neutral, while the availability experience is neutral.",product_quality,neutral,availability,neutral
absa_02139,"The LearnHub has security that is neutral, while the payment experience is neutral.",security,neutral,payment,neutral
absa_02140,"The PayWave Mobile App has usability that is negative, while the payment experience is positive.",usability,negative,payment,positive
absa_02141,"The SwiftBank Mobile has performance that is negative, while the security experience is neutral.",performance,negative,security,neutral
absa_02142,"The StreamBox has pricing that is positive, while the product_quality experience is negative.",pricing,positive,product_quality,negative
absa_02143,"The SwiftBank Mobile has availability that is positive, while the usability experience is neutral.",availability,positive,usability,neutral
absa_02144,"The SwiftBank Mobile has usability that is negative, while the security experience is negative.",usability,negative,security,negative
absa_02145,"The StreamBox has pricing that is neutral, while the delivery experience is neutral.",pricing,neutral,delivery,neutral
absa_02146,"The ShopNow has usability that is negative, while the delivery experience is positive.",usability,negative,delivery,positive
absa_02147,"The CloudDesk has refund that is positive, while the customer_support experience is negative.",refund,positive,customer_support,negative
absa_02148,"The FreshMart has delivery that is positive, while the pricing experience is neutral.",delivery,positive,pricing,neutral
absa_02149,"The HealthPlus has availability that is positive, while the performance experience is neutral.",availability,positive,performance,neutral
absa_02150,"The QuickCash Wallet has product_quality that is negative, while the payment experience is positive.",product_quality,negative,payment,positive
absa_02151,"The LearnHub has payment that is negative, while the availability experience is positive.",payment,negative,availability,positive
absa_02152,"The ShopNow has refund that is positive, while the availability experience is negative.",refund,positive,availability,negative
absa_02153,"The CloudDesk has product_quality that is negative, while the usability experience is positive.",product_quality,negative,usability,positive
absa_02154,"The HealthPlus has delivery that is negative, while the pricing experience is positive.",delivery,negative,pricing,positive
absa_02155,"The FreshMart has security that is negative, while the refund experience is positive.",security,negative,refund,positive
absa_02156,"The PayWave Mobile App has security that is positive, while the delivery experience is positive.",security,positive,delivery,positive
absa_02157,"The StreamBox has payment that is negative, while the refund experience is neutral.",payment,negative,refund,neutral
absa_02158,"The SwiftBank Mobile has product_quality that is positive, while the availability experience is negative.",product_quality,positive,availability,negative
absa_02159,"The LearnHub has payment that is negative, while the performance experience is negative.",payment,negative,performance,negative
absa_02160,"The QuickCash Wallet has customer_support that is negative, while the refund experience is positive.",customer_support,negative,refund,positive
absa_02161,"The PayWave Mobile App has performance that is positive, while the pricing experience is neutral.",performance,positive,pricing,neutral
absa_02162,"The SwiftBank Mobile has availability that is positive, while the performance experience is neutral.",availability,positive,performance,neutral
absa_02163,"The ShopNow has performance that is positive, while the security experience is positive.",performance,positive,security,positive
absa_02164,"The HealthPlus has delivery that is positive, while the performance experience is negative.",delivery,positive,performance,negative
absa_02165,"The LearnHub has usability that is neutral, while the pricing experience is positive.",usability,neutral,pricing,positive
absa_02166,"The SwiftBank Mobile has payment that is neutral, while the usability experience is neutral.",payment,neutral,usability,neutral
absa_02167,"The HealthPlus has usability that is neutral, while the product_quality experience is negative.",usability,neutral,product_quality,negative
absa_02168,"The PayWave Mobile App has security that is neutral, while the pricing experience is positive.",security,neutral,pricing,positive
absa_02169,"The StreamBox has payment that is neutral, while the availability experience is negative.",payment,neutral,availability,negative
absa_02170,"The ShopNow has product_quality that is positive, while the customer_support experience is negative.",product_quality,positive,customer_support,negative
absa_02171,"The SwiftBank Mobile has usability that is positive, while the performance experience is positive.",usability,positive,performance,positive
absa_02172,"The PayWave Mobile App has delivery that is negative, while the usability experience is negative.",delivery,negative,usability,negative
absa_02173,"The LearnHub has performance that is neutral, while the availability experience is negative.",performance,neutral,availability,negative
absa_02174,"The HealthPlus has security that is positive, while the performance experience is neutral.",security,positive,performance,neutral
absa_02175,"The ShopNow has delivery that is negative, while the security experience is negative.",delivery,negative,security,negative
absa_02176,"The CloudDesk has pricing that is negative, while the performance experience is negative.",pricing,negative,performance,negative
absa_02177,"The CloudDesk has customer_support that is positive, while the payment experience is neutral.",customer_support,positive,payment,neutral
absa_02178,"The CloudDesk has customer_support that is positive, while the pricing experience is negative.",customer_support,positive,pricing,negative
absa_02179,"The FreshMart has delivery that is negative, while the customer_support experience is neutral.",delivery,negative,customer_support,neutral
absa_02180,"The SwiftBank Mobile has pricing that is positive, while the refund experience is positive.",pricing,positive,refund,positive
absa_02181,"The RideGo has customer_support that is negative, while the availability experience is neutral.",customer_support,negative,availability,neutral
absa_02182,"The FreshMart has usability that is positive, while the delivery experience is neutral.",usability,positive,delivery,neutral
absa_02183,"The RideGo has customer_support that is positive, while the product_quality experience is negative.",customer_support,positive,product_quality,negative
absa_02184,"The ShopNow has payment that is negative, while the customer_support experience is negative.",payment,negative,customer_support,negative
absa_02185,"The StreamBox has performance that is neutral, while the refund experience is negative.",performance,neutral,refund,negative
absa_02186,"The CloudDesk has payment that is neutral, while the delivery experience is neutral.",payment,neutral,delivery,neutral
absa_02187,"The HealthPlus has product_quality that is neutral, while the availability experience is neutral.",product_quality,neutral,availability,neutral
absa_02188,"The RideGo has refund that is positive, while the delivery experience is positive.",refund,positive,delivery,positive
absa_02189,"The LearnHub has availability that is positive, while the delivery experience is negative.",availability,positive,delivery,negative
absa_02190,"The CloudDesk has refund that is positive, while the availability experience is positive.",refund,positive,availability,positive
absa_02191,"The SwiftBank Mobile has product_quality that is neutral, while the security experience is negative.",product_quality,neutral,security,negative
absa_02192,"The PayWave Mobile App has refund that is neutral, while the security experience is positive.",refund,neutral,security,positive
absa_02193,"The RideGo has refund that is negative, while the usability experience is neutral.",refund,negative,usability,neutral
absa_02194,"The RideGo has availability that is positive, while the refund experience is neutral.",availability,positive,refund,neutral
absa_02195,"The LearnHub has usability that is neutral, while the pricing experience is negative.",usability,neutral,pricing,negative
absa_02196,"The HealthPlus has refund that is neutral, while the performance experience is neutral.",refund,neutral,performance,neutral
absa_02197,"The HealthPlus has usability that is neutral, while the payment experience is negative.",usability,neutral,payment,negative
absa_02198,"The QuickCash Wallet has usability that is negative, while the customer_support experience is positive.",usability,negative,customer_support,positive
absa_02199,"The StreamBox has customer_support that is neutral, while the usability experience is negative.",customer_support,neutral,usability,negative
absa_02200,"The QuickCash Wallet has usability that is negative, while the delivery experience is negative.",usability,negative,delivery,negative
absa_02201,"The FreshMart has product_quality that is neutral, while the usability experience is neutral.",product_quality,neutral,usability,neutral
absa_02202,"The LearnHub has customer_support that is positive, while the performance experience is positive.",customer_support,positive,performance,positive
absa_02203,"The RideGo has pricing that is negative, while the product_quality experience is negative.",pricing,negative,product_quality,negative
absa_02204,"The CloudDesk has security that is neutral, while the payment experience is positive.",security,neutral,payment,positive
absa_02205,"The HealthPlus has payment that is neutral, while the usability experience is negative.",payment,neutral,usability,negative
absa_02206,"The FreshMart has refund that is negative, while the usability experience is neutral.",refund,negative,usability,neutral
absa_02207,"The ShopNow has product_quality that is negative, while the availability experience is neutral.",product_quality,negative,availability,neutral
absa_02208,"The RideGo has availability that is positive, while the refund experience is neutral.",availability,positive,refund,neutral
absa_02209,"The FreshMart has performance that is negative, while the customer_support experience is neutral.",performance,negative,customer_support,neutral
absa_02210,"The FreshMart has payment that is positive, while the delivery experience is neutral.",payment,positive,delivery,neutral
absa_02211,"The StreamBox has product_quality that is negative, while the refund experience is negative.",product_quality,negative,refund,negative
absa_02212,"The StreamBox has product_quality that is negative, while the customer_support experience is negative.",product_quality,negative,customer_support,negative
absa_02213,"The QuickCash Wallet has pricing that is neutral, while the refund experience is positive.",pricing,neutral,refund,positive
absa_02214,"The CloudDesk has performance that is neutral, while the customer_support experience is positive.",performance,neutral,customer_support,positive
absa_02215,"The ShopNow has usability that is positive, while the customer_support experience is negative.",usability,positive,customer_support,negative
absa_02216,"The RideGo has security that is negative, while the product_quality experience is positive.",security,negative,product_quality,positive
absa_02217,"The RideGo has pricing that is negative, while the delivery experience is positive.",pricing,negative,delivery,positive
absa_02218,"The StreamBox has refund that is positive, while the customer_support experience is negative.",refund,positive,customer_support,negative
absa_02219,"The QuickCash Wallet has pricing that is positive, while the delivery experience is neutral.",pricing,positive,delivery,neutral
absa_02220,"The LearnHub has availability that is negative, while the product_quality experience is positive.",availability,negative,product_quality,positive
absa_02221,"The HealthPlus has delivery that is positive, while the refund experience is negative.",delivery,positive,refund,negative
absa_02222,"The FreshMart has product_quality that is negative, while the payment experience is positive.",product_quality,negative,payment,positive
absa_02223,"The LearnHub has availability that is neutral, while the refund experience is positive.",availability,neutral,refund,positive
absa_02224,"The RideGo has delivery that is positive, while the performance experience is positive.",delivery,positive,performance,positive
absa_02225,"The QuickCash Wallet has payment that is neutral, while the usability experience is neutral.",payment,neutral,usability,neutral
absa_02226,"The ShopNow has availability that is positive, while the delivery experience is neutral.",availability,positive,delivery,neutral
absa_02227,"The SwiftBank Mobile has availability that is neutral, while the product_quality experience is neutral.",availability,neutral,product_quality,neutral
absa_02228,"The SwiftBank Mobile has product_quality that is neutral, while the security experience is neutral.",product_quality,neutral,security,neutral
absa_02229,"The StreamBox has customer_support that is neutral, while the refund experience is positive.",customer_support,neutral,refund,positive
absa_02230,"The StreamBox has product_quality that is neutral, while the performance experience is neutral.",product_quality,neutral,performance,neutral
absa_02231,"The QuickCash Wallet has performance that is negative, while the payment experience is negative.",performance,negative,payment,negative
absa_02232,"The StreamBox has delivery that is neutral, while the refund experience is negative.",delivery,neutral,refund,negative
absa_02233,"The LearnHub has customer_support that is positive, while the payment experience is neutral.",customer_support,positive,payment,neutral
absa_02234,"The CloudDesk has customer_support that is neutral, while the refund experience is negative.",customer_support,neutral,refund,negative
absa_02235,"The CloudDesk has customer_support that is neutral, while the delivery experience is negative.",customer_support,neutral,delivery,negative
absa_02236,"The RideGo has payment that is neutral, while the customer_support experience is negative.",payment,neutral,customer_support,negative
absa_02237,"The HealthPlus has performance that is neutral, while the usability experience is neutral.",performance,neutral,usability,neutral
absa_02238,"The LearnHub has customer_support that is neutral, while the product_quality experience is positive.",customer_support,neutral,product_quality,positive
absa_02239,"The SwiftBank Mobile has refund that is neutral, while the pricing experience is positive.",refund,neutral,pricing,positive
absa_02240,"The RideGo has availability that is positive, while the pricing experience is positive.",availability,positive,pricing,positive
absa_02241,"The QuickCash Wallet has payment that is positive, while the availability experience is positive.",payment,positive,availability,positive
absa_02242,"The FreshMart has security that is neutral, while the delivery experience is neutral.",security,neutral,delivery,neutral
absa_02243,"The StreamBox has customer_support that is negative, while the performance experience is negative.",customer_support,negative,performance,negative
absa_02244,"The CloudDesk has security that is negative, while the delivery experience is negative.",security,negative,delivery,negative
absa_02245,"The CloudDesk has availability that is negative, while the pricing experience is positive.",availability,negative,pricing,positive
absa_02246,"The PayWave Mobile App has delivery that is negative, while the product_quality experience is negative.",delivery,negative,product_quality,negative
absa_02247,"The StreamBox has refund that is neutral, while the performance experience is neutral.",refund,neutral,performance,neutral
absa_02248,"The ShopNow has performance that is negative, while the availability experience is neutral.",performance,negative,availability,neutral
absa_02249,"The PayWave Mobile App has availability that is neutral, while the pricing experience is positive.",availability,neutral,pricing,positive
absa_02250,"The ShopNow has availability that is positive, while the performance experience is negative.",availability,positive,performance,negative
absa_02251,"The RideGo has refund that is negative, while the security experience is positive.",refund,negative,security,positive
absa_02252,"The StreamBox has customer_support that is positive, while the security experience is negative.",customer_support,positive,security,negative
absa_02253,"The QuickCash Wallet has delivery that is neutral, while the product_quality experience is positive.",delivery,neutral,product_quality,positive
absa_02254,"The ShopNow has payment that is positive, while the availability experience is positive.",payment,positive,availability,positive
absa_02255,"The FreshMart has performance that is negative, while the security experience is neutral.",performance,negative,security,neutral
absa_02256,"The PayWave Mobile App has performance that is positive, while the usability experience is neutral.",performance,positive,usability,neutral
absa_02257,"The CloudDesk has product_quality that is neutral, while the security experience is negative.",product_quality,neutral,security,negative
absa_02258,"The StreamBox has usability that is neutral, while the security experience is neutral.",usability,neutral,security,neutral
absa_02259,"The PayWave Mobile App has security that is positive, while the customer_support experience is neutral.",security,positive,customer_support,neutral
absa_02260,"The RideGo has security that is negative, while the refund experience is positive.",security,negative,refund,positive
absa_02261,"The RideGo has performance that is neutral, while the delivery experience is positive.",performance,neutral,delivery,positive
absa_02262,"The SwiftBank Mobile has delivery that is positive, while the customer_support experience is positive.",delivery,positive,customer_support,positive
absa_02263,"The RideGo has security that is negative, while the usability experience is positive.",security,negative,usability,positive
absa_02264,"The QuickCash Wallet has product_quality that is neutral, while the usability experience is neutral.",product_quality,neutral,usability,neutral
absa_02265,"The ShopNow has performance that is negative, while the security experience is neutral.",performance,negative,security,neutral
absa_02266,"The FreshMart has performance that is positive, while the customer_support experience is positive.",performance,positive,customer_support,positive
absa_02267,"The QuickCash Wallet has performance that is positive, while the product_quality experience is negative.",performance,positive,product_quality,negative
absa_02268,"The LearnHub has payment that is positive, while the usability experience is positive.",payment,positive,usability,positive
absa_02269,"The CloudDesk has refund that is negative, while the customer_support experience is neutral.",refund,negative,customer_support,neutral
absa_02270,"The LearnHub has product_quality that is positive, while the usability experience is neutral.",product_quality,positive,usability,neutral
absa_02271,"The LearnHub has customer_support that is negative, while the product_quality experience is positive.",customer_support,negative,product_quality,positive
absa_02272,"The RideGo has delivery that is positive, while the usability experience is neutral.",delivery,positive,usability,neutral
absa_02273,"The SwiftBank Mobile has refund that is negative, while the usability experience is negative.",refund,negative,usability,negative
absa_02274,"The LearnHub has usability that is negative, while the refund experience is positive.",usability,negative,refund,positive
absa_02275,"The RideGo has refund that is positive, while the product_quality experience is neutral.",refund,positive,product_quality,neutral
absa_02276,"The CloudDesk has availability that is neutral, while the performance experience is neutral.",availability,neutral,performance,neutral
absa_02277,"The CloudDesk has refund that is negative, while the availability experience is negative.",refund,negative,availability,negative
absa_02278,"The SwiftBank Mobile has performance that is negative, while the availability experience is positive.",performance,negative,availability,positive
absa_02279,"The QuickCash Wallet has payment that is negative, while the pricing experience is positive.",payment,negative,pricing,positive
absa_02280,"The PayWave Mobile App has usability that is positive, while the refund experience is positive.",usability,positive,refund,positive
absa_02281,"The ShopNow has availability that is positive, while the pricing experience is positive.",availability,positive,pricing,positive
absa_02282,"The ShopNow has payment that is positive, while the pricing experience is neutral.",payment,positive,pricing,neutral
absa_02283,"The FreshMart has customer_support that is negative, while the usability experience is positive.",customer_support,negative,usability,positive
absa_02284,"The SwiftBank Mobile has delivery that is positive, while the pricing experience is neutral.",delivery,positive,pricing,neutral
absa_02285,"The CloudDesk has availability that is neutral, while the product_quality experience is positive.",availability,neutral,product_quality,positive
absa_02286,"The QuickCash Wallet has customer_support that is neutral, while the pricing experience is negative.",customer_support,neutral,pricing,negative
absa_02287,"The CloudDesk has usability that is positive, while the customer_support experience is positive.",usability,positive,customer_support,positive
absa_02288,"The ShopNow has security that is positive, while the delivery experience is positive.",security,positive,delivery,positive
absa_02289,"The PayWave Mobile App has payment that is negative, while the usability experience is positive.",payment,negative,usability,positive
absa_02290,"The PayWave Mobile App has product_quality that is neutral, while the payment experience is positive.",product_quality,neutral,payment,positive
absa_02291,"The QuickCash Wallet has refund that is positive, while the availability experience is neutral.",refund,positive,availability,neutral
absa_02292,"The QuickCash Wallet has availability that is positive, while the customer_support experience is neutral.",availability,positive,customer_support,neutral
absa_02293,"The HealthPlus has customer_support that is neutral, while the performance experience is positive.",customer_support,neutral,performance,positive
absa_02294,"The LearnHub has pricing that is negative, while the customer_support experience is negative.",pricing,negative,customer_support,negative
absa_02295,"The PayWave Mobile App has usability that is positive, while the refund experience is negative.",usability,positive,refund,negative
absa_02296,"The PayWave Mobile App has refund that is neutral, while the usability experience is neutral.",refund,neutral,usability,neutral
absa_02297,"The CloudDesk has product_quality that is positive, while the payment experience is negative.",product_quality,positive,payment,negative
absa_02298,"The CloudDesk has product_quality that is neutral, while the performance experience is neutral.",product_quality,neutral,performance,neutral
absa_02299,"The RideGo has customer_support that is positive, while the delivery experience is neutral.",customer_support,positive,delivery,neutral
absa_02300,"The FreshMart has product_quality that is negative, while the security experience is negative.",product_quality,negative,security,negative
absa_02301,"The StreamBox has performance that is positive, while the pricing experience is positive.",performance,positive,pricing,positive
absa_02302,"The StreamBox has payment that is negative, while the pricing experience is neutral.",payment,negative,pricing,neutral
absa_02303,"The QuickCash Wallet has pricing that is neutral, while the security experience is neutral.",pricing,neutral,security,neutral
absa_02304,"The PayWave Mobile App has refund that is neutral, while the security experience is positive.",refund,neutral,security,positive
absa_02305,"The HealthPlus has usability that is positive, while the customer_support experience is positive.",usability,positive,customer_support,positive
absa_02306,"The SwiftBank Mobile has payment that is positive, while the pricing experience is neutral.",payment,positive,pricing,neutral
absa_02307,"The LearnHub has availability that is neutral, while the performance experience is negative.",availability,neutral,performance,negative
absa_02308,"The QuickCash Wallet has product_quality that is negative, while the customer_support experience is positive.",product_quality,negative,customer_support,positive
absa_02309,"The QuickCash Wallet has availability that is positive, while the usability experience is neutral.",availability,positive,usability,neutral
absa_02310,"The RideGo has security that is neutral, while the delivery experience is positive.",security,neutral,delivery,positive
absa_02311,"The RideGo has pricing that is negative, while the security experience is neutral.",pricing,negative,security,neutral
absa_02312,"The ShopNow has performance that is positive, while the availability experience is negative.",performance,positive,availability,negative
absa_02313,"The SwiftBank Mobile has performance that is negative, while the availability experience is positive.",performance,negative,availability,positive
absa_02314,"The LearnHub has performance that is positive, while the usability experience is negative.",performance,positive,usability,negative
absa_02315,"The RideGo has pricing that is negative, while the availability experience is neutral.",pricing,negative,availability,neutral
absa_02316,"The HealthPlus has availability that is positive, while the product_quality experience is positive.",availability,positive,product_quality,positive
absa_02317,"The RideGo has pricing that is neutral, while the customer_support experience is positive.",pricing,neutral,customer_support,positive
absa_02318,"The ShopNow has security that is negative, while the usability experience is positive.",security,negative,usability,positive
absa_02319,"The QuickCash Wallet has availability that is neutral, while the payment experience is positive.",availability,neutral,payment,positive
absa_02320,"The HealthPlus has payment that is negative, while the refund experience is neutral.",payment,negative,refund,neutral
absa_02321,"The QuickCash Wallet has performance that is neutral, while the delivery experience is neutral.",performance,neutral,delivery,neutral
absa_02322,"The ShopNow has availability that is positive, while the performance experience is negative.",availability,positive,performance,negative
absa_02323,"The SwiftBank Mobile has delivery that is negative, while the payment experience is negative.",delivery,negative,payment,negative
absa_02324,"The QuickCash Wallet has availability that is positive, while the performance experience is positive.",availability,positive,performance,positive
absa_02325,"The QuickCash Wallet has availability that is positive, while the performance experience is negative.",availability,positive,performance,negative
absa_02326,"The QuickCash Wallet has payment that is neutral, while the refund experience is positive.",payment,neutral,refund,positive
absa_02327,"The StreamBox has customer_support that is neutral, while the availability experience is neutral.",customer_support,neutral,availability,neutral
absa_02328,"The RideGo has payment that is neutral, while the security experience is neutral.",payment,neutral,security,neutral
absa_02329,"The QuickCash Wallet has customer_support that is neutral, while the availability experience is negative.",customer_support,neutral,availability,negative
absa_02330,"The ShopNow has security that is neutral, while the customer_support experience is negative.",security,neutral,customer_support,negative
absa_02331,"The SwiftBank Mobile has customer_support that is neutral, while the product_quality experience is neutral.",customer_support,neutral,product_quality,neutral
absa_02332,"The ShopNow has customer_support that is positive, while the performance experience is negative.",customer_support,positive,performance,negative
absa_02333,"The FreshMart has refund that is negative, while the customer_support experience is positive.",refund,negative,customer_support,positive
absa_02334,"The HealthPlus has product_quality that is negative, while the performance experience is positive.",product_quality,negative,performance,positive
absa_02335,"The LearnHub has security that is positive, while the refund experience is neutral.",security,positive,refund,neutral
absa_02336,"The CloudDesk has customer_support that is neutral, while the refund experience is positive.",customer_support,neutral,refund,positive
absa_02337,"The LearnHub has availability that is positive, while the security experience is negative.",availability,positive,security,negative
absa_02338,"The PayWave Mobile App has payment that is negative, while the customer_support experience is positive.",payment,negative,customer_support,positive
absa_02339,"The QuickCash Wallet has refund that is neutral, while the performance experience is negative.",refund,neutral,performance,negative
absa_02340,"The RideGo has usability that is neutral, while the payment experience is neutral.",usability,neutral,payment,neutral
absa_02341,"The CloudDesk has product_quality that is positive, while the refund experience is positive.",product_quality,positive,refund,positive
absa_02342,"The QuickCash Wallet has payment that is negative, while the pricing experience is negative.",payment,negative,pricing,negative
absa_02343,"The PayWave Mobile App has payment that is negative, while the delivery experience is neutral.",payment,negative,delivery,neutral
absa_02344,"The PayWave Mobile App has customer_support that is neutral, while the payment experience is neutral.",customer_support,neutral,payment,neutral
absa_02345,"The QuickCash Wallet has refund that is positive, while the performance experience is neutral.",refund,positive,performance,neutral
absa_02346,"The QuickCash Wallet has performance that is neutral, while the payment experience is neutral.",performance,neutral,payment,neutral
absa_02347,"The RideGo has availability that is negative, while the pricing experience is neutral.",availability,negative,pricing,neutral
absa_02348,"The StreamBox has availability that is neutral, while the performance experience is negative.",availability,neutral,performance,negative
absa_02349,"The SwiftBank Mobile has pricing that is neutral, while the usability experience is positive.",pricing,neutral,usability,positive
absa_02350,"The LearnHub has performance that is negative, while the payment experience is positive.",performance,negative,payment,positive
absa_02351,"The SwiftBank Mobile has delivery that is positive, while the pricing experience is negative.",delivery,positive,pricing,negative
absa_02352,"The CloudDesk has pricing that is negative, while the payment experience is neutral.",pricing,negative,payment,neutral
absa_02353,"The SwiftBank Mobile has payment that is positive, while the performance experience is neutral.",payment,positive,performance,neutral
absa_02354,"The StreamBox has delivery that is negative, while the usability experience is positive.",delivery,negative,usability,positive
absa_02355,"The ShopNow has refund that is neutral, while the pricing experience is negative.",refund,neutral,pricing,negative
absa_02356,"The QuickCash Wallet has product_quality that is negative, while the pricing experience is neutral.",product_quality,negative,pricing,neutral
absa_02357,"The SwiftBank Mobile has refund that is neutral, while the customer_support experience is negative.",refund,neutral,customer_support,negative
absa_02358,"The PayWave Mobile App has product_quality that is neutral, while the delivery experience is positive.",product_quality,neutral,delivery,positive
absa_02359,"The CloudDesk has pricing that is positive, while the customer_support experience is negative.",pricing,positive,customer_support,negative
absa_02360,"The ShopNow has customer_support that is positive, while the product_quality experience is neutral.",customer_support,positive,product_quality,neutral
absa_02361,"The HealthPlus has pricing that is negative, while the usability experience is negative.",pricing,negative,usability,negative
absa_02362,"The SwiftBank Mobile has payment that is negative, while the pricing experience is positive.",payment,negative,pricing,positive
absa_02363,"The QuickCash Wallet has pricing that is positive, while the payment experience is neutral.",pricing,positive,payment,neutral
absa_02364,"The HealthPlus has payment that is negative, while the refund experience is neutral.",payment,negative,refund,neutral
absa_02365,"The FreshMart has refund that is neutral, while the security experience is neutral.",refund,neutral,security,neutral
absa_02366,"The PayWave Mobile App has usability that is neutral, while the refund experience is positive.",usability,neutral,refund,positive
absa_02367,"The HealthPlus has customer_support that is positive, while the delivery experience is positive.",customer_support,positive,delivery,positive
absa_02368,"The CloudDesk has security that is positive, while the product_quality experience is negative.",security,positive,product_quality,negative
absa_02369,"The RideGo has customer_support that is positive, while the security experience is positive.",customer_support,positive,security,positive
absa_02370,"The PayWave Mobile App has delivery that is neutral, while the refund experience is negative.",delivery,neutral,refund,negative
absa_02371,"The PayWave Mobile App has pricing that is positive, while the refund experience is neutral.",pricing,positive,refund,neutral
absa_02372,"The HealthPlus has customer_support that is neutral, while the performance experience is positive.",customer_support,neutral,performance,positive
absa_02373,"The FreshMart has delivery that is positive, while the security experience is neutral.",delivery,positive,security,neutral
absa_02374,"The PayWave Mobile App has product_quality that is neutral, while the refund experience is neutral.",product_quality,neutral,refund,neutral
absa_02375,"The QuickCash Wallet has security that is positive, while the payment experience is neutral.",security,positive,payment,neutral
absa_02376,"The CloudDesk has customer_support that is negative, while the refund experience is negative.",customer_support,negative,refund,negative
absa_02377,"The RideGo has delivery that is positive, while the pricing experience is positive.",delivery,positive,pricing,positive
absa_02378,"The SwiftBank Mobile has pricing that is negative, while the security experience is negative.",pricing,negative,security,negative
absa_02379,"The StreamBox has pricing that is positive, while the payment experience is negative.",pricing,positive,payment,negative
absa_02380,"The SwiftBank Mobile has performance that is neutral, while the customer_support experience is neutral.",performance,neutral,customer_support,neutral
absa_02381,"The StreamBox has payment that is positive, while the security experience is positive.",payment,positive,security,positive
absa_02382,"The StreamBox has pricing that is positive, while the customer_support experience is neutral.",pricing,positive,customer_support,neutral
absa_02383,"The CloudDesk has usability that is negative, while the delivery experience is neutral.",usability,negative,delivery,neutral
absa_02384,"The StreamBox has pricing that is positive, while the payment experience is negative.",pricing,positive,payment,negative
absa_02385,"The RideGo has security that is neutral, while the delivery experience is neutral.",security,neutral,delivery,neutral
absa_02386,"The FreshMart has product_quality that is negative, while the customer_support experience is neutral.",product_quality,negative,customer_support,neutral
absa_02387,"The HealthPlus has product_quality that is negative, while the payment experience is positive.",product_quality,negative,payment,positive
absa_02388,"The StreamBox has customer_support that is negative, while the security experience is neutral.",customer_support,negative,security,neutral
absa_02389,"The LearnHub has delivery that is positive, while the pricing experience is negative.",delivery,positive,pricing,negative
absa_02390,"The CloudDesk has product_quality that is neutral, while the security experience is negative.",product_quality,neutral,security,negative
absa_02391,"The SwiftBank Mobile has pricing that is negative, while the availability experience is neutral.",pricing,negative,availability,neutral
absa_02392,"The StreamBox has delivery that is neutral, while the usability experience is negative.",delivery,neutral,usability,negative
absa_02393,"The ShopNow has performance that is neutral, while the product_quality experience is neutral.",performance,neutral,product_quality,neutral
absa_02394,"The FreshMart has performance that is neutral, while the product_quality experience is neutral.",performance,neutral,product_quality,neutral
absa_02395,"The FreshMart has usability that is neutral, while the pricing experience is neutral.",usability,neutral,pricing,neutral
absa_02396,"The PayWave Mobile App has delivery that is neutral, while the refund experience is positive.",delivery,neutral,refund,positive
absa_02397,"The StreamBox has availability that is negative, while the pricing experience is neutral.",availability,negative,pricing,neutral
absa_02398,"The SwiftBank Mobile has security that is negative, while the pricing experience is negative.",security,negative,pricing,negative
absa_02399,"The LearnHub has usability that is positive, while the refund experience is neutral.",usability,positive,refund,neutral
absa_02400,"The HealthPlus has security that is negative, while the availability experience is neutral.",security,negative,availability,neutral
absa_02401,"The StreamBox has performance that is neutral, while the customer_support experience is positive.",performance,neutral,customer_support,positive
absa_02402,"The RideGo has pricing that is neutral, while the usability experience is positive.",pricing,neutral,usability,positive
absa_02403,"The CloudDesk has refund that is negative, while the product_quality experience is negative.",refund,negative,product_quality,negative
absa_02404,"The LearnHub has usability that is negative, while the performance experience is neutral.",usability,negative,performance,neutral
absa_02405,"The PayWave Mobile App has usability that is positive, while the security experience is neutral.",usability,positive,security,neutral
absa_02406,"The ShopNow has pricing that is neutral, while the payment experience is negative.",pricing,neutral,payment,negative
absa_02407,"The SwiftBank Mobile has refund that is negative, while the usability experience is neutral.",refund,negative,usability,neutral
absa_02408,"The QuickCash Wallet has payment that is neutral, while the customer_support experience is negative.",payment,neutral,customer_support,negative
absa_02409,"The RideGo has availability that is neutral, while the product_quality experience is positive.",availability,neutral,product_quality,positive
absa_02410,"The ShopNow has performance that is positive, while the usability experience is positive.",performance,positive,usability,positive
absa_02411,"The LearnHub has customer_support that is positive, while the security experience is negative.",customer_support,positive,security,negative
absa_02412,"The CloudDesk has product_quality that is positive, while the performance experience is positive.",product_quality,positive,performance,positive
absa_02413,"The CloudDesk has performance that is neutral, while the pricing experience is positive.",performance,neutral,pricing,positive
absa_02414,"The ShopNow has customer_support that is neutral, while the refund experience is positive.",customer_support,neutral,refund,positive
absa_02415,"The CloudDesk has payment that is neutral, while the delivery experience is negative.",payment,neutral,delivery,negative
absa_02416,"The PayWave Mobile App has usability that is neutral, while the delivery experience is positive.",usability,neutral,delivery,positive
absa_02417,"The SwiftBank Mobile has security that is positive, while the usability experience is negative.",security,positive,usability,negative
absa_02418,"The CloudDesk has usability that is positive, while the security experience is negative.",usability,positive,security,negative
absa_02419,"The SwiftBank Mobile has usability that is positive, while the product_quality experience is positive.",usability,positive,product_quality,positive
absa_02420,"The CloudDesk has payment that is neutral, while the performance experience is negative.",payment,neutral,performance,negative
absa_02421,"The QuickCash Wallet has product_quality that is negative, while the availability experience is positive.",product_quality,negative,availability,positive
absa_02422,"The SwiftBank Mobile has usability that is positive, while the payment experience is positive.",usability,positive,payment,positive
absa_02423,"The PayWave Mobile App has delivery that is negative, while the performance experience is positive.",delivery,negative,performance,positive
absa_02424,"The QuickCash Wallet has availability that is positive, while the pricing experience is neutral.",availability,positive,pricing,neutral
absa_02425,"The StreamBox has pricing that is negative, while the refund experience is negative.",pricing,negative,refund,negative
absa_02426,"The FreshMart has performance that is negative, while the delivery experience is neutral.",performance,negative,delivery,neutral
absa_02427,"The QuickCash Wallet has performance that is negative, while the payment experience is neutral.",performance,negative,payment,neutral
absa_02428,"The QuickCash Wallet has delivery that is neutral, while the payment experience is negative.",delivery,neutral,payment,negative
absa_02429,"The LearnHub has delivery that is negative, while the availability experience is positive.",delivery,negative,availability,positive
absa_02430,"The SwiftBank Mobile has security that is negative, while the payment experience is neutral.",security,negative,payment,neutral
absa_02431,"The QuickCash Wallet has availability that is negative, while the customer_support experience is negative.",availability,negative,customer_support,negative
absa_02432,"The FreshMart has delivery that is positive, while the security experience is neutral.",delivery,positive,security,neutral
absa_02433,"The FreshMart has payment that is negative, while the pricing experience is neutral.",payment,negative,pricing,neutral
absa_02434,"The QuickCash Wallet has payment that is positive, while the pricing experience is negative.",payment,positive,pricing,negative
absa_02435,"The LearnHub has usability that is positive, while the pricing experience is negative.",usability,positive,pricing,negative
absa_02436,"The PayWave Mobile App has performance that is positive, while the availability experience is positive.",performance,positive,availability,positive
absa_02437,"The LearnHub has refund that is neutral, while the customer_support experience is negative.",refund,neutral,customer_support,negative
absa_02438,"The CloudDesk has usability that is negative, while the refund experience is negative.",usability,negative,refund,negative
absa_02439,"The ShopNow has product_quality that is neutral, while the customer_support experience is negative.",product_quality,neutral,customer_support,negative
absa_02440,"The RideGo has customer_support that is positive, while the pricing experience is negative.",customer_support,positive,pricing,negative
absa_02441,"The PayWave Mobile App has availability that is neutral, while the security experience is neutral.",availability,neutral,security,neutral
absa_02442,"The ShopNow has payment that is negative, while the security experience is negative.",payment,negative,security,negative
absa_02443,"The PayWave Mobile App has usability that is neutral, while the refund experience is neutral.",usability,neutral,refund,neutral
absa_02444,"The ShopNow has usability that is neutral, while the availability experience is neutral.",usability,neutral,availability,neutral
absa_02445,"The CloudDesk has pricing that is negative, while the security experience is positive.",pricing,negative,security,positive
absa_02446,"The RideGo has performance that is neutral, while the availability experience is positive.",performance,neutral,availability,positive
absa_02447,"The SwiftBank Mobile has pricing that is negative, while the customer_support experience is negative.",pricing,negative,customer_support,negative
absa_02448,"The PayWave Mobile App has pricing that is negative, while the security experience is positive.",pricing,negative,security,positive
absa_02449,"The RideGo has performance that is positive, while the availability experience is negative.",performance,positive,availability,negative
absa_02450,"The QuickCash Wallet has pricing that is neutral, while the security experience is negative.",pricing,neutral,security,negative
absa_02451,"The FreshMart has customer_support that is neutral, while the refund experience is negative.",customer_support,neutral,refund,negative
absa_02452,"The SwiftBank Mobile has delivery that is positive, while the usability experience is positive.",delivery,positive,usability,positive
absa_02453,"The ShopNow has security that is neutral, while the usability experience is neutral.",security,neutral,usability,neutral
absa_02454,"The RideGo has product_quality that is positive, while the delivery experience is negative.",product_quality,positive,delivery,negative
absa_02455,"The StreamBox has availability that is positive, while the delivery experience is positive.",availability,positive,delivery,positive
absa_02456,"The HealthPlus has availability that is neutral, while the usability experience is neutral.",availability,neutral,usability,neutral
absa_02457,"The QuickCash Wallet has security that is negative, while the delivery experience is positive.",security,negative,delivery,positive
absa_02458,"The ShopNow has pricing that is positive, while the delivery experience is positive.",pricing,positive,delivery,positive
absa_02459,"The SwiftBank Mobile has product_quality that is neutral, while the security experience is positive.",product_quality,neutral,security,positive
absa_02460,"The SwiftBank Mobile has availability that is neutral, while the refund experience is neutral.",availability,neutral,refund,neutral
absa_02461,"The SwiftBank Mobile has refund that is neutral, while the delivery experience is neutral.",refund,neutral,delivery,neutral
absa_02462,"The QuickCash Wallet has security that is positive, while the usability experience is negative.",security,positive,usability,negative
absa_02463,"The PayWave Mobile App has customer_support that is negative, while the security experience is negative.",customer_support,negative,security,negative
absa_02464,"The StreamBox has performance that is negative, while the delivery experience is neutral.",performance,negative,delivery,neutral
absa_02465,"The CloudDesk has availability that is negative, while the refund experience is positive.",availability,negative,refund,positive
absa_02466,"The StreamBox has availability that is neutral, while the customer_support experience is negative.",availability,neutral,customer_support,negative
absa_02467,"The PayWave Mobile App has performance that is neutral, while the security experience is neutral.",performance,neutral,security,neutral
absa_02468,"The FreshMart has refund that is negative, while the usability experience is positive.",refund,negative,usability,positive
absa_02469,"The FreshMart has availability that is negative, while the refund experience is negative.",availability,negative,refund,negative
absa_02470,"The CloudDesk has refund that is positive, while the usability experience is neutral.",refund,positive,usability,neutral
absa_02471,"The HealthPlus has delivery that is neutral, while the availability experience is negative.",delivery,neutral,availability,negative
absa_02472,"The QuickCash Wallet has delivery that is neutral, while the customer_support experience is positive.",delivery,neutral,customer_support,positive
absa_02473,"The StreamBox has product_quality that is negative, while the pricing experience is neutral.",product_quality,negative,pricing,neutral
absa_02474,"The SwiftBank Mobile has delivery that is positive, while the refund experience is neutral.",delivery,positive,refund,neutral
absa_02475,"The RideGo has payment that is positive, while the customer_support experience is positive.",payment,positive,customer_support,positive
absa_02476,"The ShopNow has availability that is positive, while the product_quality experience is negative.",availability,positive,product_quality,negative
absa_02477,"The QuickCash Wallet has performance that is neutral, while the usability experience is positive.",performance,neutral,usability,positive
absa_02478,"The RideGo has pricing that is positive, while the security experience is neutral.",pricing,positive,security,neutral
absa_02479,"The QuickCash Wallet has availability that is positive, while the pricing experience is neutral.",availability,positive,pricing,neutral
absa_02480,"The ShopNow has refund that is negative, while the pricing experience is negative.",refund,negative,pricing,negative
absa_02481,"The SwiftBank Mobile has availability that is neutral, while the delivery experience is negative.",availability,neutral,delivery,negative
absa_02482,"The QuickCash Wallet has payment that is positive, while the usability experience is negative.",payment,positive,usability,negative
absa_02483,"The RideGo has performance that is neutral, while the availability experience is positive.",performance,neutral,availability,positive
absa_02484,"The RideGo has pricing that is positive, while the payment experience is neutral.",pricing,positive,payment,neutral
absa_02485,"The QuickCash Wallet has usability that is positive, while the refund experience is positive.",usability,positive,refund,positive
absa_02486,"The FreshMart has product_quality that is neutral, while the usability experience is negative.",product_quality,neutral,usability,negative
absa_02487,"The RideGo has customer_support that is neutral, while the availability experience is neutral.",customer_support,neutral,availability,neutral
absa_02488,"The HealthPlus has pricing that is negative, while the security experience is negative.",pricing,negative,security,negative
absa_02489,"The QuickCash Wallet has refund that is positive, while the product_quality experience is positive.",refund,positive,product_quality,positive
absa_02490,"The FreshMart has availability that is neutral, while the performance experience is positive.",availability,neutral,performance,positive
absa_02491,"The CloudDesk has pricing that is negative, while the delivery experience is neutral.",pricing,negative,delivery,neutral
absa_02492,"The QuickCash Wallet has payment that is neutral, while the security experience is neutral.",payment,neutral,security,neutral
absa_02493,"The StreamBox has usability that is neutral, while the availability experience is negative.",usability,neutral,availability,negative
absa_02494,"The SwiftBank Mobile has product_quality that is negative, while the delivery experience is positive.",product_quality,negative,delivery,positive
absa_02495,"The ShopNow has usability that is neutral, while the security experience is negative.",usability,neutral,security,negative
absa_02496,"The CloudDesk has performance that is positive, while the security experience is negative.",performance,positive,security,negative
absa_02497,"The LearnHub has refund that is positive, while the delivery experience is negative.",refund,positive,delivery,negative
absa_02498,"The PayWave Mobile App has customer_support that is negative, while the payment experience is neutral.",customer_support,negative,payment,neutral
absa_02499,"The CloudDesk has customer_support that is positive, while the product_quality experience is neutral.",customer_support,positive,product_quality,neutral
absa_02500,"The HealthPlus has availability that is negative, while the product_quality experience is negative.",availability,negative,product_quality,negative
absa_02501,"The HealthPlus has pricing that is positive, while the payment experience is positive.",pricing,positive,payment,positive
absa_02502,"The HealthPlus has payment that is positive, while the usability experience is neutral.",payment,positive,usability,neutral
absa_02503,"The HealthPlus has delivery that is negative, while the customer_support experience is negative.",delivery,negative,customer_support,negative
absa_02504,"The SwiftBank Mobile has product_quality that is negative, while the usability experience is neutral.",product_quality,negative,usability,neutral
absa_02505,"The StreamBox has customer_support that is neutral, while the availability experience is positive.",customer_support,neutral,availability,positive
absa_02506,"The ShopNow has product_quality that is neutral, while the availability experience is positive.",product_quality,neutral,availability,positive
absa_02507,"The ShopNow has refund that is neutral, while the delivery experience is positive.",refund,neutral,delivery,positive
absa_02508,"The CloudDesk has performance that is negative, while the product_quality experience is positive.",performance,negative,product_quality,positive
absa_02509,"The ShopNow has usability that is negative, while the security experience is positive.",usability,negative,security,positive
absa_02510,"The StreamBox has availability that is negative, while the usability experience is positive.",availability,negative,usability,positive
absa_02511,"The LearnHub has product_quality that is positive, while the payment experience is neutral.",product_quality,positive,payment,neutral
absa_02512,"The PayWave Mobile App has performance that is negative, while the security experience is positive.",performance,negative,security,positive
absa_02513,"The QuickCash Wallet has refund that is positive, while the security experience is neutral.",refund,positive,security,neutral
absa_02514,"The HealthPlus has refund that is positive, while the pricing experience is neutral.",refund,positive,pricing,neutral
absa_02515,"The PayWave Mobile App has availability that is positive, while the payment experience is positive.",availability,positive,payment,positive
absa_02516,"The CloudDesk has product_quality that is positive, while the payment experience is neutral.",product_quality,positive,payment,neutral
absa_02517,"The CloudDesk has pricing that is positive, while the product_quality experience is neutral.",pricing,positive,product_quality,neutral
absa_02518,"The HealthPlus has usability that is positive, while the performance experience is negative.",usability,positive,performance,negative
absa_02519,"The ShopNow has customer_support that is negative, while the availability experience is positive.",customer_support,negative,availability,positive
absa_02520,"The SwiftBank Mobile has security that is positive, while the pricing experience is neutral.",security,positive,pricing,neutral
absa_02521,"The StreamBox has availability that is neutral, while the product_quality experience is neutral.",availability,neutral,product_quality,neutral
absa_02522,"The HealthPlus has product_quality that is positive, while the refund experience is positive.",product_quality,positive,refund,positive
absa_02523,"The FreshMart has availability that is positive, while the performance experience is negative.",availability,positive,performance,negative
absa_02524,"The HealthPlus has availability that is neutral, while the payment experience is neutral.",availability,neutral,payment,neutral
absa_02525,"The PayWave Mobile App has customer_support that is negative, while the security experience is negative.",customer_support,negative,security,negative
absa_02526,"The LearnHub has security that is positive, while the product_quality experience is positive.",security,positive,product_quality,positive
absa_02527,"The LearnHub has refund that is positive, while the pricing experience is positive.",refund,positive,pricing,positive
absa_02528,"The RideGo has performance that is negative, while the delivery experience is neutral.",performance,negative,delivery,neutral
absa_02529,"The QuickCash Wallet has delivery that is negative, while the product_quality experience is negative.",delivery,negative,product_quality,negative
absa_02530,"The QuickCash Wallet has product_quality that is negative, while the customer_support experience is neutral.",product_quality,negative,customer_support,neutral
absa_02531,"The CloudDesk has customer_support that is negative, while the availability experience is negative.",customer_support,negative,availability,negative
absa_02532,"The FreshMart has payment that is positive, while the customer_support experience is negative.",payment,positive,customer_support,negative
absa_02533,"The LearnHub has security that is neutral, while the performance experience is negative.",security,neutral,performance,negative
absa_02534,"The ShopNow has usability that is neutral, while the product_quality experience is neutral.",usability,neutral,product_quality,neutral
absa_02535,"The PayWave Mobile App has customer_support that is neutral, while the delivery experience is neutral.",customer_support,neutral,delivery,neutral
absa_02536,"The FreshMart has delivery that is negative, while the availability experience is neutral.",delivery,negative,availability,neutral
absa_02537,"The RideGo has customer_support that is neutral, while the performance experience is neutral.",customer_support,neutral,performance,neutral
absa_02538,"The CloudDesk has availability that is neutral, while the payment experience is negative.",availability,neutral,payment,negative
absa_02539,"The RideGo has delivery that is positive, while the product_quality experience is positive.",delivery,positive,product_quality,positive
absa_02540,"The FreshMart has security that is negative, while the refund experience is neutral.",security,negative,refund,neutral
absa_02541,"The RideGo has delivery that is positive, while the pricing experience is negative.",delivery,positive,pricing,negative
absa_02542,"The PayWave Mobile App has product_quality that is positive, while the security experience is neutral.",product_quality,positive,security,neutral
absa_02543,"The ShopNow has customer_support that is neutral, while the pricing experience is neutral.",customer_support,neutral,pricing,neutral
absa_02544,"The SwiftBank Mobile has performance that is neutral, while the refund experience is negative.",performance,neutral,refund,negative
absa_02545,"The HealthPlus has performance that is neutral, while the availability experience is negative.",performance,neutral,availability,negative
absa_02546,"The LearnHub has payment that is neutral, while the availability experience is neutral.",payment,neutral,availability,neutral
absa_02547,"The SwiftBank Mobile has usability that is positive, while the payment experience is neutral.",usability,positive,payment,neutral
absa_02548,"The PayWave Mobile App has security that is neutral, while the customer_support experience is neutral.",security,neutral,customer_support,neutral
absa_02549,"The PayWave Mobile App has refund that is neutral, while the usability experience is neutral.",refund,neutral,usability,neutral
absa_02550,"The HealthPlus has performance that is positive, while the pricing experience is neutral.",performance,positive,pricing,neutral
absa_02551,"The StreamBox has pricing that is neutral, while the payment experience is neutral.",pricing,neutral,payment,neutral
absa_02552,"The HealthPlus has product_quality that is neutral, while the payment experience is negative.",product_quality,neutral,payment,negative
absa_02553,"The CloudDesk has product_quality that is neutral, while the refund experience is positive.",product_quality,neutral,refund,positive
absa_02554,"The RideGo has security that is positive, while the product_quality experience is neutral.",security,positive,product_quality,neutral
absa_02555,"The ShopNow has payment that is positive, while the security experience is neutral.",payment,positive,security,neutral
absa_02556,"The LearnHub has security that is positive, while the payment experience is neutral.",security,positive,payment,neutral
absa_02557,"The QuickCash Wallet has delivery that is neutral, while the refund experience is positive.",delivery,neutral,refund,positive
absa_02558,"The PayWave Mobile App has availability that is negative, while the performance experience is neutral.",availability,negative,performance,neutral
absa_02559,"The QuickCash Wallet has security that is neutral, while the usability experience is neutral.",security,neutral,usability,neutral
absa_02560,"The LearnHub has availability that is neutral, while the payment experience is positive.",availability,neutral,payment,positive
absa_02561,"The LearnHub has pricing that is positive, while the customer_support experience is positive.",pricing,positive,customer_support,positive
absa_02562,"The QuickCash Wallet has refund that is positive, while the availability experience is positive.",refund,positive,availability,positive
absa_02563,"The RideGo has pricing that is negative, while the product_quality experience is negative.",pricing,negative,product_quality,negative
absa_02564,"The RideGo has performance that is neutral, while the availability experience is positive.",performance,neutral,availability,positive
absa_02565,"The PayWave Mobile App has security that is neutral, while the payment experience is negative.",security,neutral,payment,negative
absa_02566,"The SwiftBank Mobile has pricing that is negative, while the customer_support experience is neutral.",pricing,negative,customer_support,neutral
absa_02567,"The RideGo has payment that is negative, while the security experience is negative.",payment,negative,security,negative
absa_02568,"The FreshMart has product_quality that is neutral, while the delivery experience is positive.",product_quality,neutral,delivery,positive
absa_02569,"The StreamBox has usability that is negative, while the payment experience is negative.",usability,negative,payment,negative
absa_02570,"The HealthPlus has security that is negative, while the payment experience is neutral.",security,negative,payment,neutral
absa_02571,"The QuickCash Wallet has product_quality that is negative, while the payment experience is negative.",product_quality,negative,payment,negative
absa_02572,"The ShopNow has delivery that is positive, while the customer_support experience is negative.",delivery,positive,customer_support,negative
absa_02573,"The CloudDesk has product_quality that is neutral, while the delivery experience is positive.",product_quality,neutral,delivery,positive
absa_02574,"The ShopNow has payment that is negative, while the performance experience is positive.",payment,negative,performance,positive
absa_02575,"The LearnHub has product_quality that is neutral, while the security experience is positive.",product_quality,neutral,security,positive
absa_02576,"The HealthPlus has performance that is positive, while the usability experience is negative.",performance,positive,usability,negative
absa_02577,"The QuickCash Wallet has customer_support that is neutral, while the product_quality experience is neutral.",customer_support,neutral,product_quality,neutral
absa_02578,"The FreshMart has refund that is neutral, while the pricing experience is neutral.",refund,neutral,pricing,neutral
absa_02579,"The HealthPlus has product_quality that is negative, while the usability experience is negative.",product_quality,negative,usability,negative
absa_02580,"The HealthPlus has customer_support that is neutral, while the pricing experience is neutral.",customer_support,neutral,pricing,neutral
absa_02581,"The FreshMart has performance that is neutral, while the product_quality experience is negative.",performance,neutral,product_quality,negative
absa_02582,"The FreshMart has payment that is positive, while the performance experience is positive.",payment,positive,performance,positive
absa_02583,"The FreshMart has customer_support that is neutral, while the usability experience is neutral.",customer_support,neutral,usability,neutral
absa_02584,"The RideGo has pricing that is positive, while the security experience is positive.",pricing,positive,security,positive
absa_02585,"The PayWave Mobile App has security that is negative, while the refund experience is positive.",security,negative,refund,positive
absa_02586,"The QuickCash Wallet has delivery that is negative, while the availability experience is positive.",delivery,negative,availability,positive
absa_02587,"The QuickCash Wallet has performance that is negative, while the product_quality experience is negative.",performance,negative,product_quality,negative
absa_02588,"The PayWave Mobile App has delivery that is positive, while the refund experience is neutral.",delivery,positive,refund,neutral
absa_02589,"The HealthPlus has availability that is positive, while the payment experience is negative.",availability,positive,payment,negative
absa_02590,"The ShopNow has security that is negative, while the customer_support experience is positive.",security,negative,customer_support,positive
absa_02591,"The CloudDesk has refund that is positive, while the availability experience is negative.",refund,positive,availability,negative
absa_02592,"The StreamBox has pricing that is neutral, while the customer_support experience is negative.",pricing,neutral,customer_support,negative
absa_02593,"The LearnHub has payment that is positive, while the delivery experience is positive.",payment,positive,delivery,positive
absa_02594,"The CloudDesk has usability that is neutral, while the payment experience is positive.",usability,neutral,payment,positive
absa_02595,"The StreamBox has security that is negative, while the performance experience is neutral.",security,negative,performance,neutral
absa_02596,"The StreamBox has performance that is negative, while the pricing experience is negative.",performance,negative,pricing,negative
absa_02597,"The RideGo has product_quality that is neutral, while the customer_support experience is neutral.",product_quality,neutral,customer_support,neutral
absa_02598,"The FreshMart has payment that is negative, while the delivery experience is positive.",payment,negative,delivery,positive
absa_02599,"The RideGo has delivery that is negative, while the payment experience is neutral.",delivery,negative,payment,neutral
absa_02600,"The ShopNow has payment that is positive, while the security experience is negative.",payment,positive,security,negative
absa_02601,"The QuickCash Wallet has security that is positive, while the availability experience is negative.",security,positive,availability,negative
absa_02602,"The PayWave Mobile App has pricing that is positive, while the usability experience is positive.",pricing,positive,usability,positive
absa_02603,"The SwiftBank Mobile has refund that is negative, while the payment experience is negative.",refund,negative,payment,negative
absa_02604,"The StreamBox has availability that is positive, while the usability experience is negative.",availability,positive,usability,negative
absa_02605,"The CloudDesk has pricing that is positive, while the security experience is negative.",pricing,positive,security,negative
absa_02606,"The SwiftBank Mobile has refund that is negative, while the customer_support experience is neutral.",refund,negative,customer_support,neutral
absa_02607,"The HealthPlus has payment that is neutral, while the refund experience is positive.",payment,neutral,refund,positive
absa_02608,"The RideGo has product_quality that is neutral, while the pricing experience is positive.",product_quality,neutral,pricing,positive
absa_02609,"The PayWave Mobile App has usability that is negative, while the pricing experience is positive.",usability,negative,pricing,positive
absa_02610,"The HealthPlus has customer_support that is neutral, while the product_quality experience is neutral.",customer_support,neutral,product_quality,neutral
absa_02611,"The StreamBox has pricing that is neutral, while the usability experience is negative.",pricing,neutral,usability,negative
absa_02612,"The StreamBox has availability that is neutral, while the customer_support experience is positive.",availability,neutral,customer_support,positive
absa_02613,"The FreshMart has performance that is negative, while the payment experience is neutral.",performance,negative,payment,neutral
absa_02614,"The QuickCash Wallet has payment that is negative, while the security experience is negative.",payment,negative,security,negative
absa_02615,"The FreshMart has refund that is positive, while the delivery experience is neutral.",refund,positive,delivery,neutral
absa_02616,"The CloudDesk has payment that is neutral, while the performance experience is neutral.",payment,neutral,performance,neutral
absa_02617,"The StreamBox has payment that is positive, while the customer_support experience is negative.",payment,positive,customer_support,negative
absa_02618,"The ShopNow has availability that is positive, while the usability experience is neutral.",availability,positive,usability,neutral
absa_02619,"The HealthPlus has product_quality that is neutral, while the refund experience is neutral.",product_quality,neutral,refund,neutral
absa_02620,"The CloudDesk has delivery that is neutral, while the availability experience is neutral.",delivery,neutral,availability,neutral
absa_02621,"The StreamBox has product_quality that is negative, while the refund experience is negative.",product_quality,negative,refund,negative
absa_02622,"The LearnHub has availability that is positive, while the usability experience is negative.",availability,positive,usability,negative
absa_02623,"The FreshMart has security that is positive, while the usability experience is negative.",security,positive,usability,negative
absa_02624,"The FreshMart has product_quality that is negative, while the availability experience is positive.",product_quality,negative,availability,positive
absa_02625,"The PayWave Mobile App has customer_support that is negative, while the security experience is negative.",customer_support,negative,security,negative
absa_02626,"The HealthPlus has pricing that is negative, while the security experience is positive.",pricing,negative,security,positive
absa_02627,"The LearnHub has performance that is positive, while the customer_support experience is neutral.",performance,positive,customer_support,neutral
absa_02628,"The HealthPlus has product_quality that is neutral, while the performance experience is positive.",product_quality,neutral,performance,positive
absa_02629,"The RideGo has performance that is neutral, while the availability experience is negative.",performance,neutral,availability,negative
absa_02630,"The HealthPlus has availability that is negative, while the product_quality experience is positive.",availability,negative,product_quality,positive
absa_02631,"The StreamBox has refund that is positive, while the product_quality experience is negative.",refund,positive,product_quality,negative
absa_02632,"The QuickCash Wallet has availability that is negative, while the payment experience is negative.",availability,negative,payment,negative
absa_02633,"The PayWave Mobile App has performance that is negative, while the product_quality experience is negative.",performance,negative,product_quality,negative
absa_02634,"The ShopNow has pricing that is neutral, while the payment experience is positive.",pricing,neutral,payment,positive
absa_02635,"The RideGo has product_quality that is neutral, while the customer_support experience is negative.",product_quality,neutral,customer_support,negative
absa_02636,"The HealthPlus has product_quality that is neutral, while the payment experience is negative.",product_quality,neutral,payment,negative
absa_02637,"The LearnHub has security that is positive, while the pricing experience is positive.",security,positive,pricing,positive
absa_02638,"The LearnHub has customer_support that is negative, while the availability experience is negative.",customer_support,negative,availability,negative
absa_02639,"The CloudDesk has pricing that is negative, while the product_quality experience is neutral.",pricing,negative,product_quality,neutral
absa_02640,"The HealthPlus has security that is positive, while the availability experience is neutral.",security,positive,availability,neutral
absa_02641,"The LearnHub has payment that is positive, while the delivery experience is negative.",payment,positive,delivery,negative
absa_02642,"The LearnHub has product_quality that is negative, while the customer_support experience is negative.",product_quality,negative,customer_support,negative
absa_02643,"The LearnHub has payment that is negative, while the product_quality experience is positive.",payment,negative,product_quality,positive
absa_02644,"The SwiftBank Mobile has pricing that is neutral, while the product_quality experience is negative.",pricing,neutral,product_quality,negative
absa_02645,"The HealthPlus has pricing that is negative, while the security experience is negative.",pricing,negative,security,negative
absa_02646,"The StreamBox has performance that is positive, while the delivery experience is negative.",performance,positive,delivery,negative
absa_02647,"The StreamBox has refund that is neutral, while the customer_support experience is positive.",refund,neutral,customer_support,positive
absa_02648,"The ShopNow has customer_support that is neutral, while the pricing experience is negative.",customer_support,neutral,pricing,negative
absa_02649,"The RideGo has pricing that is positive, while the performance experience is positive.",pricing,positive,performance,positive
absa_02650,"The StreamBox has security that is neutral, while the delivery experience is positive.",security,neutral,delivery,positive
absa_02651,"The StreamBox has performance that is neutral, while the delivery experience is positive.",performance,neutral,delivery,positive
absa_02652,"The CloudDesk has refund that is neutral, while the product_quality experience is positive.",refund,neutral,product_quality,positive
absa_02653,"The QuickCash Wallet has delivery that is negative, while the product_quality experience is positive.",delivery,negative,product_quality,positive
absa_02654,"The SwiftBank Mobile has usability that is negative, while the performance experience is neutral.",usability,negative,performance,neutral
absa_02655,"The ShopNow has usability that is neutral, while the availability experience is neutral.",usability,neutral,availability,neutral
absa_02656,"The SwiftBank Mobile has payment that is negative, while the availability experience is neutral.",payment,negative,availability,neutral
absa_02657,"The FreshMart has usability that is neutral, while the availability experience is neutral.",usability,neutral,availability,neutral
absa_02658,"The SwiftBank Mobile has availability that is neutral, while the payment experience is negative.",availability,neutral,payment,negative
absa_02659,"The QuickCash Wallet has pricing that is positive, while the performance experience is positive.",pricing,positive,performance,positive
absa_02660,"The FreshMart has refund that is negative, while the payment experience is neutral.",refund,negative,payment,neutral
absa_02661,"The RideGo has security that is neutral, while the availability experience is positive.",security,neutral,availability,positive
absa_02662,"The HealthPlus has payment that is negative, while the delivery experience is negative.",payment,negative,delivery,negative
absa_02663,"The PayWave Mobile App has product_quality that is neutral, while the usability experience is negative.",product_quality,neutral,usability,negative
absa_02664,"The StreamBox has customer_support that is negative, while the usability experience is neutral.",customer_support,negative,usability,neutral
absa_02665,"The RideGo has customer_support that is positive, while the availability experience is neutral.",customer_support,positive,availability,neutral
absa_02666,"The StreamBox has refund that is neutral, while the availability experience is negative.",refund,neutral,availability,negative
absa_02667,"The HealthPlus has customer_support that is neutral, while the refund experience is negative.",customer_support,neutral,refund,negative
absa_02668,"The QuickCash Wallet has usability that is positive, while the delivery experience is negative.",usability,positive,delivery,negative
absa_02669,"The ShopNow has usability that is positive, while the payment experience is positive.",usability,positive,payment,positive
absa_02670,"The CloudDesk has customer_support that is negative, while the security experience is negative.",customer_support,negative,security,negative
absa_02671,"The ShopNow has availability that is positive, while the usability experience is negative.",availability,positive,usability,negative
absa_02672,"The FreshMart has product_quality that is neutral, while the delivery experience is positive.",product_quality,neutral,delivery,positive
absa_02673,"The LearnHub has pricing that is positive, while the security experience is positive.",pricing,positive,security,positive
absa_02674,"The QuickCash Wallet has security that is neutral, while the payment experience is neutral.",security,neutral,payment,neutral
absa_02675,"The StreamBox has refund that is neutral, while the performance experience is positive.",refund,neutral,performance,positive
absa_02676,"The RideGo has product_quality that is negative, while the refund experience is positive.",product_quality,negative,refund,positive
absa_02677,"The StreamBox has payment that is positive, while the product_quality experience is neutral.",payment,positive,product_quality,neutral
absa_02678,"The QuickCash Wallet has payment that is positive, while the refund experience is neutral.",payment,positive,refund,neutral
absa_02679,"The FreshMart has refund that is positive, while the payment experience is neutral.",refund,positive,payment,neutral
absa_02680,"The FreshMart has refund that is negative, while the product_quality experience is negative.",refund,negative,product_quality,negative
absa_02681,"The SwiftBank Mobile has pricing that is positive, while the performance experience is positive.",pricing,positive,performance,positive
absa_02682,"The HealthPlus has usability that is negative, while the product_quality experience is negative.",usability,negative,product_quality,negative
absa_02683,"The HealthPlus has performance that is neutral, while the payment experience is negative.",performance,neutral,payment,negative
absa_02684,"The ShopNow has refund that is negative, while the availability experience is positive.",refund,negative,availability,positive
absa_02685,"The CloudDesk has performance that is neutral, while the refund experience is neutral.",performance,neutral,refund,neutral
absa_02686,"The HealthPlus has refund that is negative, while the usability experience is negative.",refund,negative,usability,negative
absa_02687,"The FreshMart has product_quality that is negative, while the security experience is neutral.",product_quality,negative,security,neutral
absa_02688,"The LearnHub has delivery that is negative, while the pricing experience is negative.",delivery,negative,pricing,negative
absa_02689,"The HealthPlus has delivery that is negative, while the refund experience is positive.",delivery,negative,refund,positive
absa_02690,"The SwiftBank Mobile has product_quality that is neutral, while the refund experience is positive.",product_quality,neutral,refund,positive
absa_02691,"The CloudDesk has payment that is negative, while the usability experience is neutral.",payment,negative,usability,neutral
absa_02692,"The PayWave Mobile App has availability that is positive, while the pricing experience is neutral.",availability,positive,pricing,neutral
absa_02693,"The QuickCash Wallet has customer_support that is neutral, while the performance experience is positive.",customer_support,neutral,performance,positive
absa_02694,"The SwiftBank Mobile has payment that is positive, while the usability experience is neutral.",payment,positive,usability,neutral
absa_02695,"The ShopNow has payment that is neutral, while the usability experience is positive.",payment,neutral,usability,positive
absa_02696,"The CloudDesk has availability that is negative, while the security experience is neutral.",availability,negative,security,neutral
absa_02697,"The ShopNow has performance that is neutral, while the payment experience is neutral.",performance,neutral,payment,neutral
absa_02698,"The RideGo has pricing that is negative, while the availability experience is positive.",pricing,negative,availability,positive
absa_02699,"The ShopNow has customer_support that is positive, while the payment experience is negative.",customer_support,positive,payment,negative
absa_02700,"The HealthPlus has usability that is neutral, while the pricing experience is neutral.",usability,neutral,pricing,neutral
absa_02701,"The QuickCash Wallet has security that is positive, while the performance experience is neutral.",security,positive,performance,neutral
absa_02702,"The ShopNow has delivery that is positive, while the availability experience is neutral.",delivery,positive,availability,neutral
absa_02703,"The QuickCash Wallet has performance that is neutral, while the product_quality experience is positive.",performance,neutral,product_quality,positive
absa_02704,"The LearnHub has customer_support that is negative, while the pricing experience is neutral.",customer_support,negative,pricing,neutral
absa_02705,"The FreshMart has security that is positive, while the customer_support experience is positive.",security,positive,customer_support,positive
absa_02706,"The CloudDesk has usability that is negative, while the product_quality experience is negative.",usability,negative,product_quality,negative
absa_02707,"The StreamBox has pricing that is neutral, while the performance experience is neutral.",pricing,neutral,performance,neutral
absa_02708,"The CloudDesk has product_quality that is neutral, while the availability experience is positive.",product_quality,neutral,availability,positive
absa_02709,"The RideGo has customer_support that is positive, while the payment experience is positive.",customer_support,positive,payment,positive
absa_02710,"The SwiftBank Mobile has pricing that is neutral, while the payment experience is neutral.",pricing,neutral,payment,neutral
absa_02711,"The StreamBox has customer_support that is neutral, while the refund experience is neutral.",customer_support,neutral,refund,neutral
absa_02712,"The ShopNow has refund that is neutral, while the delivery experience is positive.",refund,neutral,delivery,positive
absa_02713,"The LearnHub has payment that is positive, while the availability experience is negative.",payment,positive,availability,negative
absa_02714,"The StreamBox has performance that is neutral, while the customer_support experience is negative.",performance,neutral,customer_support,negative
absa_02715,"The StreamBox has usability that is neutral, while the pricing experience is neutral.",usability,neutral,pricing,neutral
absa_02716,"The PayWave Mobile App has customer_support that is neutral, while the usability experience is positive.",customer_support,neutral,usability,positive
absa_02717,"The QuickCash Wallet has usability that is positive, while the payment experience is positive.",usability,positive,payment,positive
absa_02718,"The RideGo has availability that is neutral, while the refund experience is neutral.",availability,neutral,refund,neutral
absa_02719,"The LearnHub has availability that is negative, while the customer_support experience is positive.",availability,negative,customer_support,positive
absa_02720,"The RideGo has refund that is negative, while the customer_support experience is positive.",refund,negative,customer_support,positive
absa_02721,"The RideGo has refund that is positive, while the customer_support experience is negative.",refund,positive,customer_support,negative
absa_02722,"The PayWave Mobile App has refund that is positive, while the availability experience is positive.",refund,positive,availability,positive
absa_02723,"The PayWave Mobile App has usability that is negative, while the payment experience is neutral.",usability,negative,payment,neutral
absa_02724,"The PayWave Mobile App has availability that is positive, while the performance experience is neutral.",availability,positive,performance,neutral
absa_02725,"The CloudDesk has delivery that is positive, while the pricing experience is positive.",delivery,positive,pricing,positive
absa_02726,"The HealthPlus has customer_support that is negative, while the usability experience is positive.",customer_support,negative,usability,positive
absa_02727,"The QuickCash Wallet has usability that is neutral, while the product_quality experience is negative.",usability,neutral,product_quality,negative
absa_02728,"The QuickCash Wallet has security that is neutral, while the delivery experience is positive.",security,neutral,delivery,positive
absa_02729,"The HealthPlus has refund that is positive, while the usability experience is negative.",refund,positive,usability,negative
absa_02730,"The CloudDesk has product_quality that is neutral, while the performance experience is positive.",product_quality,neutral,performance,positive
absa_02731,"The PayWave Mobile App has delivery that is positive, while the payment experience is negative.",delivery,positive,payment,negative
absa_02732,"The PayWave Mobile App has customer_support that is neutral, while the usability experience is neutral.",customer_support,neutral,usability,neutral
absa_02733,"The RideGo has availability that is positive, while the usability experience is negative.",availability,positive,usability,negative
absa_02734,"The HealthPlus has availability that is negative, while the delivery experience is neutral.",availability,negative,delivery,neutral
absa_02735,"The SwiftBank Mobile has product_quality that is negative, while the payment experience is neutral.",product_quality,negative,payment,neutral
absa_02736,"The CloudDesk has product_quality that is neutral, while the availability experience is neutral.",product_quality,neutral,availability,neutral
absa_02737,"The LearnHub has payment that is positive, while the availability experience is positive.",payment,positive,availability,positive
absa_02738,"The PayWave Mobile App has security that is positive, while the delivery experience is negative.",security,positive,delivery,negative
absa_02739,"The ShopNow has delivery that is negative, while the customer_support experience is negative.",delivery,negative,customer_support,negative
absa_02740,"The PayWave Mobile App has delivery that is positive, while the usability experience is negative.",delivery,positive,usability,negative
absa_02741,"The LearnHub has payment that is negative, while the pricing experience is neutral.",payment,negative,pricing,neutral
absa_02742,"The CloudDesk has product_quality that is positive, while the customer_support experience is neutral.",product_quality,positive,customer_support,neutral
absa_02743,"The QuickCash Wallet has performance that is positive, while the pricing experience is positive.",performance,positive,pricing,positive
absa_02744,"The FreshMart has customer_support that is neutral, while the refund experience is negative.",customer_support,neutral,refund,negative
absa_02745,"The StreamBox has usability that is positive, while the delivery experience is neutral.",usability,positive,delivery,neutral
absa_02746,"The FreshMart has refund that is negative, while the pricing experience is neutral.",refund,negative,pricing,neutral
absa_02747,"The FreshMart has product_quality that is negative, while the refund experience is neutral.",product_quality,negative,refund,neutral
absa_02748,"The LearnHub has availability that is positive, while the refund experience is neutral.",availability,positive,refund,neutral
absa_02749,"The StreamBox has pricing that is negative, while the availability experience is neutral.",pricing,negative,availability,neutral
absa_02750,"The CloudDesk has security that is negative, while the availability experience is negative.",security,negative,availability,negative
absa_02751,"The PayWave Mobile App has usability that is negative, while the availability experience is neutral.",usability,negative,availability,neutral
absa_02752,"The CloudDesk has availability that is positive, while the usability experience is neutral.",availability,positive,usability,neutral
absa_02753,"The LearnHub has performance that is positive, while the refund experience is negative.",performance,positive,refund,negative
absa_02754,"The HealthPlus has payment that is neutral, while the delivery experience is positive.",payment,neutral,delivery,positive
absa_02755,"The SwiftBank Mobile has customer_support that is negative, while the availability experience is negative.",customer_support,negative,availability,negative
absa_02756,"The SwiftBank Mobile has security that is neutral, while the delivery experience is neutral.",security,neutral,delivery,neutral
absa_02757,"The QuickCash Wallet has product_quality that is neutral, while the security experience is negative.",product_quality,neutral,security,negative
absa_02758,"The FreshMart has availability that is negative, while the performance experience is positive.",availability,negative,performance,positive
absa_02759,"The FreshMart has payment that is neutral, while the pricing experience is negative.",payment,neutral,pricing,negative
absa_02760,"The QuickCash Wallet has refund that is negative, while the delivery experience is neutral.",refund,negative,delivery,neutral
absa_02761,"The ShopNow has security that is positive, while the usability experience is neutral.",security,positive,usability,neutral
absa_02762,"The CloudDesk has pricing that is positive, while the customer_support experience is positive.",pricing,positive,customer_support,positive
absa_02763,"The LearnHub has payment that is neutral, while the performance experience is negative.",payment,neutral,performance,negative
absa_02764,"The ShopNow has customer_support that is neutral, while the pricing experience is positive.",customer_support,neutral,pricing,positive
absa_02765,"The RideGo has performance that is positive, while the customer_support experience is neutral.",performance,positive,customer_support,neutral
absa_02766,"The ShopNow has delivery that is neutral, while the payment experience is negative.",delivery,neutral,payment,negative
absa_02767,"The QuickCash Wallet has customer_support that is negative, while the refund experience is positive.",customer_support,negative,refund,positive
absa_02768,"The QuickCash Wallet has security that is positive, while the payment experience is negative.",security,positive,payment,negative
absa_02769,"The RideGo has customer_support that is negative, while the security experience is neutral.",customer_support,negative,security,neutral
absa_02770,"The ShopNow has performance that is negative, while the security experience is positive.",performance,negative,security,positive
absa_02771,"The SwiftBank Mobile has customer_support that is negative, while the security experience is negative.",customer_support,negative,security,negative
absa_02772,"The ShopNow has availability that is positive, while the payment experience is negative.",availability,positive,payment,negative
absa_02773,"The ShopNow has performance that is neutral, while the security experience is neutral.",performance,neutral,security,neutral
absa_02774,"The ShopNow has product_quality that is neutral, while the refund experience is negative.",product_quality,neutral,refund,negative
absa_02775,"The RideGo has pricing that is negative, while the refund experience is negative.",pricing,negative,refund,negative
absa_02776,"The PayWave Mobile App has customer_support that is positive, while the security experience is negative.",customer_support,positive,security,negative
absa_02777,"The LearnHub has customer_support that is positive, while the availability experience is neutral.",customer_support,positive,availability,neutral
absa_02778,"The StreamBox has performance that is neutral, while the payment experience is positive.",performance,neutral,payment,positive
absa_02779,"The PayWave Mobile App has refund that is negative, while the customer_support experience is positive.",refund,negative,customer_support,positive
absa_02780,"The FreshMart has security that is neutral, while the delivery experience is positive.",security,neutral,delivery,positive
absa_02781,"The QuickCash Wallet has security that is positive, while the performance experience is neutral.",security,positive,performance,neutral
absa_02782,"The ShopNow has refund that is neutral, while the payment experience is positive.",refund,neutral,payment,positive
absa_02783,"The PayWave Mobile App has product_quality that is positive, while the pricing experience is negative.",product_quality,positive,pricing,negative
absa_02784,"The QuickCash Wallet has customer_support that is positive, while the performance experience is positive.",customer_support,positive,performance,positive
absa_02785,"The CloudDesk has performance that is positive, while the refund experience is neutral.",performance,positive,refund,neutral
absa_02786,"The RideGo has delivery that is neutral, while the availability experience is negative.",delivery,neutral,availability,negative
absa_02787,"The HealthPlus has security that is neutral, while the usability experience is negative.",security,neutral,usability,negative
absa_02788,"The ShopNow has availability that is neutral, while the security experience is neutral.",availability,neutral,security,neutral
absa_02789,"The CloudDesk has availability that is neutral, while the payment experience is positive.",availability,neutral,payment,positive
absa_02790,"The PayWave Mobile App has availability that is neutral, while the product_quality experience is neutral.",availability,neutral,product_quality,neutral
absa_02791,"The PayWave Mobile App has payment that is positive, while the pricing experience is neutral.",payment,positive,pricing,neutral
absa_02792,"The CloudDesk has customer_support that is negative, while the refund experience is neutral.",customer_support,negative,refund,neutral
absa_02793,"The RideGo has pricing that is negative, while the availability experience is negative.",pricing,negative,availability,negative
absa_02794,"The StreamBox has pricing that is neutral, while the delivery experience is negative.",pricing,neutral,delivery,negative
absa_02795,"The LearnHub has pricing that is negative, while the payment experience is positive.",pricing,negative,payment,positive
absa_02796,"The FreshMart has product_quality that is positive, while the security experience is neutral.",product_quality,positive,security,neutral
absa_02797,"The SwiftBank Mobile has product_quality that is negative, while the usability experience is neutral.",product_quality,negative,usability,neutral
absa_02798,"The FreshMart has product_quality that is neutral, while the performance experience is negative.",product_quality,neutral,performance,negative
absa_02799,"The QuickCash Wallet has availability that is positive, while the product_quality experience is positive.",availability,positive,product_quality,positive
absa_02800,"The FreshMart has availability that is positive, while the pricing experience is neutral.",availability,positive,pricing,neutral
absa_02801,"The FreshMart has product_quality that is positive, while the performance experience is negative.",product_quality,positive,performance,negative
absa_02802,"The ShopNow has delivery that is positive, while the product_quality experience is positive.",delivery,positive,product_quality,positive
absa_02803,"The LearnHub has customer_support that is neutral, while the refund experience is neutral.",customer_support,neutral,refund,neutral
absa_02804,"The RideGo has delivery that is positive, while the payment experience is neutral.",delivery,positive,payment,neutral
absa_02805,"The CloudDesk has availability that is positive, while the security experience is negative.",availability,positive,security,negative
absa_02806,"The QuickCash Wallet has payment that is neutral, while the customer_support experience is neutral.",payment,neutral,customer_support,neutral
absa_02807,"The FreshMart has customer_support that is negative, while the product_quality experience is negative.",customer_support,negative,product_quality,negative
absa_02808,"The RideGo has payment that is positive, while the refund experience is neutral.",payment,positive,refund,neutral
absa_02809,"The SwiftBank Mobile has usability that is positive, while the pricing experience is negative.",usability,positive,pricing,negative
absa_02810,"The ShopNow has refund that is neutral, while the usability experience is negative.",refund,neutral,usability,negative
absa_02811,"The SwiftBank Mobile has usability that is neutral, while the delivery experience is neutral.",usability,neutral,delivery,neutral
absa_02812,"The CloudDesk has availability that is neutral, while the performance experience is positive.",availability,neutral,performance,positive
absa_02813,"The StreamBox has usability that is negative, while the payment experience is positive.",usability,negative,payment,positive
absa_02814,"The CloudDesk has customer_support that is positive, while the availability experience is neutral.",customer_support,positive,availability,neutral
absa_02815,"The LearnHub has usability that is negative, while the pricing experience is positive.",usability,negative,pricing,positive
absa_02816,"The QuickCash Wallet has usability that is positive, while the pricing experience is positive.",usability,positive,pricing,positive
absa_02817,"The FreshMart has customer_support that is positive, while the payment experience is neutral.",customer_support,positive,payment,neutral
absa_02818,"The QuickCash Wallet has usability that is neutral, while the performance experience is neutral.",usability,neutral,performance,neutral
absa_02819,"The FreshMart has refund that is negative, while the customer_support experience is neutral.",refund,negative,customer_support,neutral
absa_02820,"The QuickCash Wallet has usability that is positive, while the security experience is negative.",usability,positive,security,negative
absa_02821,"The ShopNow has refund that is neutral, while the delivery experience is positive.",refund,neutral,delivery,positive
absa_02822,"The FreshMart has performance that is neutral, while the security experience is negative.",performance,neutral,security,negative
absa_02823,"The RideGo has delivery that is negative, while the availability experience is positive.",delivery,negative,availability,positive
absa_02824,"The SwiftBank Mobile has customer_support that is negative, while the performance experience is neutral.",customer_support,negative,performance,neutral
absa_02825,"The SwiftBank Mobile has usability that is negative, while the availability experience is neutral.",usability,negative,availability,neutral
absa_02826,"The StreamBox has refund that is negative, while the payment experience is positive.",refund,negative,payment,positive
absa_02827,"The ShopNow has pricing that is negative, while the payment experience is neutral.",pricing,negative,payment,neutral
absa_02828,"The StreamBox has delivery that is neutral, while the security experience is positive.",delivery,neutral,security,positive
absa_02829,"The ShopNow has performance that is neutral, while the availability experience is negative.",performance,neutral,availability,negative
absa_02830,"The PayWave Mobile App has usability that is neutral, while the pricing experience is negative.",usability,neutral,pricing,negative
absa_02831,"The LearnHub has customer_support that is negative, while the availability experience is negative.",customer_support,negative,availability,negative
absa_02832,"The StreamBox has customer_support that is positive, while the product_quality experience is negative.",customer_support,positive,product_quality,negative
absa_02833,"The CloudDesk has usability that is positive, while the refund experience is negative.",usability,positive,refund,negative
absa_02834,"The FreshMart has refund that is negative, while the usability experience is neutral.",refund,negative,usability,neutral
absa_02835,"The HealthPlus has pricing that is negative, while the performance experience is neutral.",pricing,negative,performance,neutral
absa_02836,"The SwiftBank Mobile has security that is neutral, while the pricing experience is positive.",security,neutral,pricing,positive
absa_02837,"The ShopNow has security that is positive, while the performance experience is positive.",security,positive,performance,positive
absa_02838,"The RideGo has usability that is positive, while the refund experience is negative.",usability,positive,refund,negative
absa_02839,"The HealthPlus has product_quality that is positive, while the delivery experience is positive.",product_quality,positive,delivery,positive
absa_02840,"The StreamBox has customer_support that is neutral, while the performance experience is positive.",customer_support,neutral,performance,positive
absa_02841,"The ShopNow has refund that is neutral, while the delivery experience is neutral.",refund,neutral,delivery,neutral
absa_02842,"The FreshMart has availability that is neutral, while the usability experience is neutral.",availability,neutral,usability,neutral
absa_02843,"The HealthPlus has usability that is positive, while the product_quality experience is neutral.",usability,positive,product_quality,neutral
absa_02844,"The SwiftBank Mobile has availability that is negative, while the performance experience is negative.",availability,negative,performance,negative
absa_02845,"The ShopNow has refund that is positive, while the availability experience is positive.",refund,positive,availability,positive
absa_02846,"The FreshMart has pricing that is neutral, while the refund experience is positive.",pricing,neutral,refund,positive
absa_02847,"The QuickCash Wallet has product_quality that is neutral, while the delivery experience is neutral.",product_quality,neutral,delivery,neutral
absa_02848,"The SwiftBank Mobile has product_quality that is negative, while the performance experience is negative.",product_quality,negative,performance,negative
absa_02849,"The QuickCash Wallet has product_quality that is negative, while the customer_support experience is positive.",product_quality,negative,customer_support,positive
absa_02850,"The QuickCash Wallet has availability that is positive, while the product_quality experience is negative.",availability,positive,product_quality,negative
absa_02851,"The HealthPlus has customer_support that is neutral, while the performance experience is neutral.",customer_support,neutral,performance,neutral
absa_02852,"The StreamBox has delivery that is negative, while the performance experience is positive.",delivery,negative,performance,positive
absa_02853,"The CloudDesk has refund that is neutral, while the performance experience is positive.",refund,neutral,performance,positive
absa_02854,"The QuickCash Wallet has usability that is positive, while the security experience is neutral.",usability,positive,security,neutral
absa_02855,"The HealthPlus has security that is neutral, while the refund experience is negative.",security,neutral,refund,negative
absa_02856,"The SwiftBank Mobile has product_quality that is neutral, while the performance experience is negative.",product_quality,neutral,performance,negative
absa_02857,"The CloudDesk has refund that is negative, while the payment experience is positive.",refund,negative,payment,positive
absa_02858,"The RideGo has payment that is positive, while the security experience is neutral.",payment,positive,security,neutral
absa_02859,"The RideGo has customer_support that is neutral, while the refund experience is neutral.",customer_support,neutral,refund,neutral
absa_02860,"The FreshMart has security that is negative, while the performance experience is negative.",security,negative,performance,negative
absa_02861,"The CloudDesk has usability that is negative, while the security experience is positive.",usability,negative,security,positive
absa_02862,"The CloudDesk has product_quality that is neutral, while the customer_support experience is positive.",product_quality,neutral,customer_support,positive
absa_02863,"The FreshMart has performance that is negative, while the product_quality experience is positive.",performance,negative,product_quality,positive
absa_02864,"The CloudDesk has security that is negative, while the customer_support experience is neutral.",security,negative,customer_support,neutral
absa_02865,"The HealthPlus has security that is negative, while the customer_support experience is positive.",security,negative,customer_support,positive
absa_02866,"The RideGo has performance that is positive, while the usability experience is positive.",performance,positive,usability,positive
absa_02867,"The ShopNow has performance that is negative, while the usability experience is positive.",performance,negative,usability,positive
absa_02868,"The RideGo has usability that is negative, while the customer_support experience is positive.",usability,negative,customer_support,positive
absa_02869,"The RideGo has refund that is negative, while the payment experience is negative.",refund,negative,payment,negative
absa_02870,"The StreamBox has payment that is neutral, while the customer_support experience is positive.",payment,neutral,customer_support,positive
absa_02871,"The StreamBox has performance that is negative, while the payment experience is neutral.",performance,negative,payment,neutral
absa_02872,"The SwiftBank Mobile has performance that is neutral, while the security experience is neutral.",performance,neutral,security,neutral
absa_02873,"The ShopNow has performance that is neutral, while the product_quality experience is negative.",performance,neutral,product_quality,negative
absa_02874,"The RideGo has refund that is neutral, while the customer_support experience is neutral.",refund,neutral,customer_support,neutral
absa_02875,"The CloudDesk has product_quality that is positive, while the usability experience is positive.",product_quality,positive,usability,positive
absa_02876,"The ShopNow has availability that is positive, while the security experience is negative.",availability,positive,security,negative
absa_02877,"The CloudDesk has delivery that is positive, while the customer_support experience is negative.",delivery,positive,customer_support,negative
absa_02878,"The CloudDesk has security that is negative, while the payment experience is neutral.",security,negative,payment,neutral
absa_02879,"The PayWave Mobile App has performance that is positive, while the refund experience is negative.",performance,positive,refund,negative
absa_02880,"The StreamBox has payment that is negative, while the usability experience is negative.",payment,negative,usability,negative
absa_02881,"The LearnHub has availability that is negative, while the refund experience is neutral.",availability,negative,refund,neutral
absa_02882,"The ShopNow has customer_support that is positive, while the performance experience is positive.",customer_support,positive,performance,positive
absa_02883,"The ShopNow has performance that is positive, while the usability experience is negative.",performance,positive,usability,negative
absa_02884,"The SwiftBank Mobile has performance that is negative, while the payment experience is neutral.",performance,negative,payment,neutral
absa_02885,"The StreamBox has payment that is negative, while the delivery experience is neutral.",payment,negative,delivery,neutral
absa_02886,"The FreshMart has performance that is positive, while the customer_support experience is neutral.",performance,positive,customer_support,neutral
absa_02887,"The StreamBox has refund that is negative, while the product_quality experience is neutral.",refund,negative,product_quality,neutral
absa_02888,"The RideGo has payment that is neutral, while the refund experience is neutral.",payment,neutral,refund,neutral
absa_02889,"The RideGo has performance that is neutral, while the delivery experience is positive.",performance,neutral,delivery,positive
absa_02890,"The StreamBox has pricing that is positive, while the performance experience is negative.",pricing,positive,performance,negative
absa_02891,"The RideGo has refund that is neutral, while the usability experience is neutral.",refund,neutral,usability,neutral
absa_02892,"The RideGo has refund that is positive, while the pricing experience is negative.",refund,positive,pricing,negative
absa_02893,"The ShopNow has customer_support that is positive, while the availability experience is positive.",customer_support,positive,availability,positive
absa_02894,"The FreshMart has performance that is positive, while the pricing experience is neutral.",performance,positive,pricing,neutral
absa_02895,"The CloudDesk has customer_support that is neutral, while the usability experience is neutral.",customer_support,neutral,usability,neutral
absa_02896,"The CloudDesk has refund that is negative, while the product_quality experience is neutral.",refund,negative,product_quality,neutral
absa_02897,"The HealthPlus has delivery that is negative, while the payment experience is neutral.",delivery,negative,payment,neutral
absa_02898,"The SwiftBank Mobile has usability that is neutral, while the refund experience is negative.",usability,neutral,refund,negative
absa_02899,"The FreshMart has refund that is positive, while the security experience is positive.",refund,positive,security,positive
absa_02900,"The QuickCash Wallet has customer_support that is positive, while the pricing experience is negative.",customer_support,positive,pricing,negative
absa_02901,"The ShopNow has performance that is neutral, while the customer_support experience is neutral.",performance,neutral,customer_support,neutral
absa_02902,"The LearnHub has performance that is neutral, while the availability experience is neutral.",performance,neutral,availability,neutral
absa_02903,"The QuickCash Wallet has availability that is positive, while the delivery experience is negative.",availability,positive,delivery,negative
absa_02904,"The QuickCash Wallet has security that is neutral, while the usability experience is positive.",security,neutral,usability,positive
absa_02905,"The FreshMart has delivery that is neutral, while the customer_support experience is neutral.",delivery,neutral,customer_support,neutral
absa_02906,"The LearnHub has delivery that is neutral, while the customer_support experience is positive.",delivery,neutral,customer_support,positive
absa_02907,"The SwiftBank Mobile has security that is neutral, while the customer_support experience is positive.",security,neutral,customer_support,positive
absa_02908,"The StreamBox has pricing that is positive, while the security experience is positive.",pricing,positive,security,positive
absa_02909,"The StreamBox has customer_support that is negative, while the usability experience is positive.",customer_support,negative,usability,positive
absa_02910,"The RideGo has payment that is positive, while the refund experience is neutral.",payment,positive,refund,neutral
absa_02911,"The RideGo has performance that is neutral, while the product_quality experience is neutral.",performance,neutral,product_quality,neutral
absa_02912,"The QuickCash Wallet has usability that is negative, while the security experience is positive.",usability,negative,security,positive
absa_02913,"The HealthPlus has product_quality that is negative, while the pricing experience is positive.",product_quality,negative,pricing,positive
absa_02914,"The ShopNow has pricing that is negative, while the security experience is negative.",pricing,negative,security,negative
absa_02915,"The QuickCash Wallet has refund that is neutral, while the product_quality experience is neutral.",refund,neutral,product_quality,neutral
absa_02916,"The CloudDesk has pricing that is negative, while the payment experience is neutral.",pricing,negative,payment,neutral
absa_02917,"The SwiftBank Mobile has refund that is negative, while the product_quality experience is negative.",refund,negative,product_quality,negative
absa_02918,"The StreamBox has availability that is positive, while the security experience is positive.",availability,positive,security,positive
absa_02919,"The RideGo has delivery that is positive, while the product_quality experience is negative.",delivery,positive,product_quality,negative
absa_02920,"The FreshMart has customer_support that is positive, while the performance experience is neutral.",customer_support,positive,performance,neutral
absa_02921,"The RideGo has availability that is neutral, while the security experience is negative.",availability,neutral,security,negative
absa_02922,"The StreamBox has payment that is neutral, while the product_quality experience is negative.",payment,neutral,product_quality,negative
absa_02923,"The PayWave Mobile App has product_quality that is neutral, while the customer_support experience is neutral.",product_quality,neutral,customer_support,neutral
absa_02924,"The QuickCash Wallet has delivery that is positive, while the pricing experience is negative.",delivery,positive,pricing,negative
absa_02925,"The ShopNow has usability that is neutral, while the customer_support experience is positive.",usability,neutral,customer_support,positive
absa_02926,"The SwiftBank Mobile has refund that is positive, while the product_quality experience is neutral.",refund,positive,product_quality,neutral
absa_02927,"The ShopNow has pricing that is neutral, while the usability experience is neutral.",pricing,neutral,usability,neutral
absa_02928,"The LearnHub has customer_support that is neutral, while the performance experience is positive.",customer_support,neutral,performance,positive
absa_02929,"The FreshMart has delivery that is positive, while the performance experience is positive.",delivery,positive,performance,positive
absa_02930,"The PayWave Mobile App has product_quality that is negative, while the performance experience is negative.",product_quality,negative,performance,negative
absa_02931,"The LearnHub has refund that is neutral, while the delivery experience is neutral.",refund,neutral,delivery,neutral
absa_02932,"The QuickCash Wallet has payment that is positive, while the performance experience is neutral.",payment,positive,performance,neutral
absa_02933,"The ShopNow has availability that is positive, while the usability experience is neutral.",availability,positive,usability,neutral
absa_02934,"The StreamBox has usability that is positive, while the performance experience is negative.",usability,positive,performance,negative
absa_02935,"The HealthPlus has payment that is neutral, while the performance experience is negative.",payment,neutral,performance,negative
absa_02936,"The FreshMart has payment that is positive, while the refund experience is negative.",payment,positive,refund,negative
absa_02937,"The CloudDesk has security that is negative, while the product_quality experience is neutral.",security,negative,product_quality,neutral
absa_02938,"The StreamBox has security that is positive, while the performance experience is negative.",security,positive,performance,negative
absa_02939,"The QuickCash Wallet has usability that is negative, while the delivery experience is neutral.",usability,negative,delivery,neutral
absa_02940,"The LearnHub has payment that is positive, while the delivery experience is neutral.",payment,positive,delivery,neutral
absa_02941,"The RideGo has refund that is neutral, while the usability experience is negative.",refund,neutral,usability,negative
absa_02942,"The ShopNow has delivery that is neutral, while the customer_support experience is neutral.",delivery,neutral,customer_support,neutral
absa_02943,"The StreamBox has security that is neutral, while the usability experience is neutral.",security,neutral,usability,neutral
absa_02944,"The ShopNow has availability that is negative, while the payment experience is negative.",availability,negative,payment,negative
absa_02945,"The FreshMart has product_quality that is negative, while the payment experience is positive.",product_quality,negative,payment,positive
absa_02946,"The HealthPlus has usability that is positive, while the performance experience is positive.",usability,positive,performance,positive
absa_02947,"The QuickCash Wallet has refund that is positive, while the availability experience is negative.",refund,positive,availability,negative
absa_02948,"The ShopNow has availability that is negative, while the usability experience is positive.",availability,negative,usability,positive
absa_02949,"The ShopNow has performance that is neutral, while the refund experience is positive.",performance,neutral,refund,positive
absa_02950,"The HealthPlus has payment that is negative, while the delivery experience is neutral.",payment,negative,delivery,neutral
absa_02951,"The SwiftBank Mobile has refund that is negative, while the security experience is positive.",refund,negative,security,positive
absa_02952,"The RideGo has pricing that is neutral, while the product_quality experience is neutral.",pricing,neutral,product_quality,neutral
absa_02953,"The HealthPlus has product_quality that is negative, while the pricing experience is positive.",product_quality,negative,pricing,positive
absa_02954,"The CloudDesk has product_quality that is neutral, while the delivery experience is negative.",product_quality,neutral,delivery,negative
absa_02955,"The SwiftBank Mobile has customer_support that is negative, while the availability experience is neutral.",customer_support,negative,availability,neutral
absa_02956,"The CloudDesk has payment that is neutral, while the refund experience is positive.",payment,neutral,refund,positive
absa_02957,"The SwiftBank Mobile has product_quality that is negative, while the security experience is negative.",product_quality,negative,security,negative
absa_02958,"The ShopNow has customer_support that is negative, while the availability experience is neutral.",customer_support,negative,availability,neutral
absa_02959,"The RideGo has security that is positive, while the refund experience is positive.",security,positive,refund,positive
absa_02960,"The SwiftBank Mobile has delivery that is positive, while the product_quality experience is negative.",delivery,positive,product_quality,negative
absa_02961,"The QuickCash Wallet has customer_support that is positive, while the usability experience is neutral.",customer_support,positive,usability,neutral
absa_02962,"The SwiftBank Mobile has refund that is negative, while the performance experience is positive.",refund,negative,performance,positive
absa_02963,"The HealthPlus has customer_support that is positive, while the security experience is positive.",customer_support,positive,security,positive
absa_02964,"The SwiftBank Mobile has usability that is neutral, while the security experience is neutral.",usability,neutral,security,neutral
absa_02965,"The SwiftBank Mobile has product_quality that is positive, while the delivery experience is negative.",product_quality,positive,delivery,negative
absa_02966,"The FreshMart has availability that is positive, while the security experience is negative.",availability,positive,security,negative
absa_02967,"The ShopNow has customer_support that is neutral, while the product_quality experience is neutral.",customer_support,neutral,product_quality,neutral
absa_02968,"The QuickCash Wallet has usability that is neutral, while the performance experience is positive.",usability,neutral,performance,positive
absa_02969,"The LearnHub has availability that is negative, while the customer_support experience is positive.",availability,negative,customer_support,positive
absa_02970,"The ShopNow has usability that is positive, while the performance experience is negative.",usability,positive,performance,negative
absa_02971,"The RideGo has payment that is positive, while the performance experience is neutral.",payment,positive,performance,neutral
absa_02972,"The StreamBox has delivery that is negative, while the security experience is neutral.",delivery,negative,security,neutral
absa_02973,"The QuickCash Wallet has refund that is negative, while the performance experience is neutral.",refund,negative,performance,neutral
absa_02974,"The RideGo has performance that is positive, while the delivery experience is neutral.",performance,positive,delivery,neutral
absa_02975,"The FreshMart has pricing that is negative, while the payment experience is neutral.",pricing,negative,payment,neutral
absa_02976,"The CloudDesk has pricing that is negative, while the performance experience is neutral.",pricing,negative,performance,neutral
absa_02977,"The CloudDesk has performance that is neutral, while the refund experience is positive.",performance,neutral,refund,positive
absa_02978,"The FreshMart has payment that is neutral, while the performance experience is neutral.",payment,neutral,performance,neutral
absa_02979,"The HealthPlus has performance that is negative, while the availability experience is negative.",performance,negative,availability,negative
absa_02980,"The SwiftBank Mobile has payment that is negative, while the refund experience is positive.",payment,negative,refund,positive
absa_02981,"The HealthPlus has customer_support that is neutral, while the pricing experience is negative.",customer_support,neutral,pricing,negative
absa_02982,"The PayWave Mobile App has customer_support that is positive, while the refund experience is negative.",customer_support,positive,refund,negative
absa_02983,"The PayWave Mobile App has payment that is neutral, while the availability experience is neutral.",payment,neutral,availability,neutral
absa_02984,"The PayWave Mobile App has product_quality that is neutral, while the performance experience is positive.",product_quality,neutral,performance,positive
absa_02985,"The LearnHub has delivery that is negative, while the product_quality experience is positive.",delivery,negative,product_quality,positive
absa_02986,"The ShopNow has refund that is positive, while the pricing experience is positive.",refund,positive,pricing,positive
absa_02987,"The ShopNow has delivery that is positive, while the security experience is neutral.",delivery,positive,security,neutral
absa_02988,"The FreshMart has customer_support that is neutral, while the delivery experience is negative.",customer_support,neutral,delivery,negative
absa_02989,"The RideGo has refund that is positive, while the delivery experience is positive.",refund,positive,delivery,positive
absa_02990,"The CloudDesk has customer_support that is positive, while the security experience is positive.",customer_support,positive,security,positive
absa_02991,"The CloudDesk has pricing that is positive, while the usability experience is positive.",pricing,positive,usability,positive
absa_02992,"The FreshMart has customer_support that is neutral, while the availability experience is negative.",customer_support,neutral,availability,negative
absa_02993,"The CloudDesk has refund that is negative, while the payment experience is positive.",refund,negative,payment,positive
absa_02994,"The QuickCash Wallet has payment that is neutral, while the usability experience is negative.",payment,neutral,usability,negative
absa_02995,"The ShopNow has usability that is positive, while the refund experience is negative.",usability,positive,refund,negative
absa_02996,"The LearnHub has delivery that is neutral, while the availability experience is negative.",delivery,neutral,availability,negative
absa_02997,"The CloudDesk has pricing that is positive, while the usability experience is neutral.",pricing,positive,usability,neutral
absa_02998,"The QuickCash Wallet has payment that is neutral, while the usability experience is neutral.",payment,neutral,usability,neutral
absa_02999,"The SwiftBank Mobile has delivery that is negative, while the product_quality experience is negative.",delivery,negative,product_quality,negative
absa_03000,"The ShopNow has customer_support that is neutral, while the payment experience is neutral.",customer_support,neutral,payment,neutral
